-- MySQL dump 10.13  Distrib 8.0.36, for Win64 (x86_64)
--
-- Host: 127.0.0.1    Database: res_foodv1
-- ------------------------------------------------------
-- Server version	8.3.0

/*!40101 SET @OLD_CHARACTER_SET_CLIENT=@@CHARACTER_SET_CLIENT */;
/*!40101 SET @OLD_CHARACTER_SET_RESULTS=@@CHARACTER_SET_RESULTS */;
/*!40101 SET @OLD_COLLATION_CONNECTION=@@COLLATION_CONNECTION */;
/*!50503 SET NAMES utf8 */;
/*!40103 SET @OLD_TIME_ZONE=@@TIME_ZONE */;
/*!40103 SET TIME_ZONE='+00:00' */;
/*!40014 SET @OLD_UNIQUE_CHECKS=@@UNIQUE_CHECKS, UNIQUE_CHECKS=0 */;
/*!40014 SET @OLD_FOREIGN_KEY_CHECKS=@@FOREIGN_KEY_CHECKS, FOREIGN_KEY_CHECKS=0 */;
/*!40101 SET @OLD_SQL_MODE=@@SQL_MODE, SQL_MODE='NO_AUTO_VALUE_ON_ZERO' */;
/*!40111 SET @OLD_SQL_NOTES=@@SQL_NOTES, SQL_NOTES=0 */;

--
-- Table structure for table `blogs`
--

DROP TABLE IF EXISTS `blogs`;
/*!40101 SET @saved_cs_client     = @@character_set_client */;
/*!50503 SET character_set_client = utf8mb4 */;
CREATE TABLE `blogs` (
  `id` int NOT NULL AUTO_INCREMENT,
  `author` varchar(255) DEFAULT NULL,
  `avatar` varchar(255) DEFAULT NULL,
  `content` text,
  `created_at` datetime(6) DEFAULT NULL,
  `description` text,
  `hot` varchar(255) DEFAULT NULL,
  `name` varchar(255) DEFAULT NULL,
  `status` varchar(255) DEFAULT NULL,
  `updated_at` datetime(6) DEFAULT NULL,
  PRIMARY KEY (`id`)
) ENGINE=InnoDB AUTO_INCREMENT=13 DEFAULT CHARSET=utf8mb4 COLLATE=utf8mb4_0900_ai_ci;
/*!40101 SET character_set_client = @saved_cs_client */;

--
-- Dumping data for table `blogs`
--

LOCK TABLES `blogs` WRITE;
/*!40000 ALTER TABLE `blogs` DISABLE KEYS */;
INSERT INTO `blogs` VALUES (9,'HoaiThu','Haidilau.png','<h2>Haidilao Bitexco District 1 - Explore Space &amp; Services</h2>\r\n\r\n<h3>Cozy and Comfortable Space</h3>\r\n\r\n<p>Haidilao Bitexco has a spacious, airy space, creating a cozy and relaxing feeling for diners. The lighting in the restaurant is designed to be moderate, not too bright or too dark, helping to create a pleasant dining space. The restaurant has many large tables, suitable for large groups, and also has a VIP room with karaoke services, speakers and modern entertainment equipment, ensuring you and your family or friends have the most relaxing and fun moments.</p>\r\n\r\n<p><img alt=\"\" src=\"https://cdn.pastaxi-manager.onepas.vn/content/uploads/articles/dungvt/blog_2024/haidilao_bitexco_blog/haidilao%20bitexco%201.png\" style=\"height:auto\" /></p>\r\n\r\n<h3>Excellent Service</h3>\r\n\r\n<p>The highlight that makes many diners return to Haidilao Bitexco is the excellent service. The staff here are well-trained, always enthusiastic and friendly. From the moment you step in, you will be warmly welcomed and attentively supported. The restaurant also has special services such as nail salons, crane folding, and a snack bar with fruits and ice cream, making you feel taken care of from start to finish.</p>\r\n\r\n<p>One notable point is that the restaurant organizes birthday parties for customers very lovely and thoughtful. Besides, every time you leave, the restaurant also has beautiful gifts for you, creating more joy and satisfaction.</p>\r\n\r\n<h2>Menu, Food Menu At Haidilao Bitexco District 1</h2>\r\n\r\n<h3>Diverse and Quality Menu</h3>\r\n\r\n<p>Regarding food, Haidilao Bitexco is famous for its rich and attractive hot pot dishes. You should not miss Haidilao Hot Pot and Uyen Uong Hot Pot - two signature dishes of the restaurant. In addition, the menu is also very diverse with dishes such as Haidilao beef, hazelnut shrimp, and many kinds of fresh seafood.</p>\r\n\r\n<p><img alt=\"\" src=\"https://cdn.pastaxi-manager.onepas.vn/content/uploads/articles/dungvt/blog_2024/haidilao_bitexco_blog/haidilao%20bitexco%203.png\" style=\"height:auto\" /></p>\r\n\r\n<p>The restaurant&#39;s line is always full, ensuring that the food is always fresh and served quickly. In particular, the dipping sauce at Haidilao is a big plus. If you know how to mix it, you will have a delicious, perfect bowl of dipping sauce to go with hot pot dishes.</p>\r\n\r\n<p><img alt=\"\" src=\"https://cdn.pastaxi-manager.onepas.vn/content/uploads/articles/dungvt/blog_2024/haidilao_bitexco_blog/haidilao%20bitexco%207.png\" style=\"height:auto\" /></p>\r\n\r\n<p>For those who love dessert, Haidilao also does not disappoint with delicious ice creams such as melon and chocolate. The milk tea here is also delicious and is constantly refilled, ensuring you always have a delicious drink throughout the meal.</p>\r\n\r\n<p><img alt=\"\" src=\"https://cdn.pastaxi-manager.onepas.vn/content/uploads/articles/dungvt/blog_2024/haidilao_bitexco_blog/haidilao%20bitexco%204.png\" style=\"height:auto\" /></p>\r\n\r\n<p><img alt=\"\" src=\"https://cdn.pastaxi-manager.onepas.vn/content/uploads/articles/dungvt/blog_2024/haidilao_bitexco_blog/haidilao%20bitexco%205.png\" style=\"height:auto\" /></p>\r\n\r\n<p><img alt=\"\" src=\"https://cdn.pastaxi-manager.onepas.vn/content/uploads/articles/dungvt/blog_2024/haidilao_bitexco_blog/haidilao%20bitexco%206.png\" style=\"height:auto\" /></p>\r\n\r\n<h2>Amenities &amp; notes when eating at Haidilao Bitexco District 1</h2>\r\n\r\n<h3>Convenience and Friendliness</h3>\r\n\r\n<p>Another big plus of Haidilao Bitexco is the convenient parking. The parking lot is located in the basement of Bitexco Tower, very easy to find. If you have a shopping bill of 300 thousand or more, you will be able to park your motorbike for free, helping you save money and enjoy your meal with peace of mind.</p>\r\n\r\n<p>For families with children, Haidilao is a great choice. The restaurant space is spacious, airy and the staff is extremely friendly and enthusiastic, which will surely make the children love it. However, if you go with someone who needs to use a wheelchair, it may be a bit difficult because the restaurant is quite crowded and busy. But don&#39;t worry, the staff here are always willing to support you at any time.</p>\r\n\r\n<h3>Tips When Going to Haidilao Bitexco</h3>\r\n\r\n<p>Because Haidilao Bitexco is always crowded, you should prioritize booking a table in advance to avoid having to wait long. You can contact the hotline for advice and reservations&nbsp;<a href=\"tel:02822539155\"><strong>CLICK HERE</strong></a>&nbsp;. The prices here are quite affordable, ranging from 300,000 to 400,000 VND/person, very reasonable for a delicious meal in the center of District 1.</p>\r\n\r\n<p>The restaurant is open from 09:00 to 22:00, suitable for both lunch and dinner. The specific address is Bitexco Commercial Center, 2 Hai Trieu Street, Ben Nghe, District 1, Ho Chi Minh City 700000.</p>\r\n\r\n<p>If you have never been to Haidilao Bitexco, take the time to visit and experience the excellent service and delicious dishes here. Surely you will have memorable moments and want to come back again.</p>\r\n','2024-08-06 22:53:46.236000','If you are looking for a place that not only has delicious food but also offers great service right in the heart of District 1, Ho Chi Minh City, Haidilao Bitexco restaurant is definitely the perfect choice. Located on the 2nd floor of Bitexco Shopping Mall, Haidilao Bitexco is not only famous for its delicious hot pot dishes but also for the enthusiasm, friendliness and professionalism of its staff.','HOT','Discover Haidilao Bitexco Restaurant - Culinary Paradise in the Center of District 1','ACTIVE','2024-08-06 22:53:46.236000'),(10,'Trung','14quananngonnhatq1.jpg','<p><strong>Criteria for PasGo Team to select restaurants to include in this Collection:</strong></p>\r\n\r\n<ul>\r\n	<li>These are delicious restaurants in Hanoi that have cooperated with PasGo, get free reservations and receive incentives.</li>\r\n	<li>Restaurants have price ranges from affordable to high-end (from 250,000 VND/person).</li>\r\n	<li>Prioritize delicious restaurants with Hanoi identity and famous brands.</li>\r\n	<li>PasGo Team tries to choose many&nbsp;<a href=\"https://pasgo.vn/ha-noi/nha-hang/quan-an-ngon-ha-noi-682\" target=\"_blank\">delicious restaurants and eateries in Hanoi</a>&nbsp;in different districts and areas so that customers can easily move around and book a table.</li>\r\n</ul>\r\n\r\n<h2><strong>I. List of delicious Vietnamese restaurants in Hanoi</strong></h2>\r\n\r\n<p>Want to enjoy familiar flavors from all three regions of the country? Check out the list of delicious Vietnamese restaurants in Hanoi below.</p>\r\n\r\n<h3><strong>1. The World of Seafood - Famous seafood restaurant in Hanoi</strong></h3>\r\n\r\n<ul>\r\n	<li>Average price from 400,000 - 600,000 VND/person</li>\r\n</ul>\r\n\r\n<p>When it comes to fresh seafood with top quality, we cannot help but mention The World of Seafood - a famous restaurant chain established in 2013. Fresh mantis shrimp, delicious lobster, creamy oysters,... are a few of the more than 100 types of fresh seafood you can find at this delicious restaurant in Hanoi.</p>\r\n\r\n<p>&gt;&gt; Please continue to explore more about the menu, space and promotions of The World of Seafood restaurant&nbsp;&nbsp;<strong><a href=\"https://pasgo.vn/ha-noi/nha-hang/the-gioi-hai-san-ha-noi-1073\" target=\"_blank\">HERE</a></strong>&nbsp;.&nbsp;</p>\r\n\r\n<p><img alt=\"\" src=\"https://cdn.pastaxi-manager.onepas.vn/content/uploads/articles/dungtv/anh-bo-suu-tap/top-20-nha-hang-ngon-noi-tieng-o-hn/top-nha-hang-ngon-hn.jpg\" style=\"height:auto\" /></p>\r\n\r\n<h3><strong>2. Song Duong Goat Meat - Famous delicious goat meat dish in Hanoi</strong></h3>\r\n\r\n<ul>\r\n	<li>Average price 280,000 - 300,000 VND/person</li>\r\n</ul>\r\n\r\n<p>When it comes to goat specialties in Hanoi, perhaps no place can surpass the De Re Song Duong chain. The menu has up to 39 delicious dishes made from goat such as grilled goat, goat with rice husks, goat sausage, raw goat with lemon... This place has become a favorite dining spot and delicious restaurant in Hanoi for many diners.</p>\r\n\r\n<p>&gt;&gt; Book a table at De Re Song Duong restaurant&nbsp;&nbsp;<strong><a href=\"https://pasgo.vn/ha-noi/nha-hang/de-re-song-duong-1071\" target=\"_blank\">HERE</a></strong>&nbsp;&nbsp;to receive unexpected offers.</p>\r\n\r\n<p><img alt=\"\" src=\"https://cdn.pastaxi-manager.onepas.vn/content/uploads/articles/thanhmai/anh-sua/de-re-song-duong-1.jpg\" style=\"height:auto\" /></p>\r\n\r\n<p><strong><strong>&gt;&gt; See more:&nbsp;</strong></strong></p>\r\n\r\n<ul>\r\n	<li><strong><strong><a href=\"https://pasgo.vn/ha-noi/nha-hang/lau-and-nuong-91\" target=\"_blank\">Discover ENDLESSLY delicious hot pot and grill restaurants in Hanoi | BOOK A TABLE TO GET DISCOUNTS</a></strong></strong></li>\r\n	<li><strong><a href=\"https://pasgo.vn/ho-chi-minh/nha-hang/lau-and-nuong-91\" target=\"_blank\"><strong>Unlimited HOT POT GRILL restaurants for friends, colleagues, and relatives to enjoy in HCM</strong></a>&nbsp;&nbsp;</strong></li>\r\n</ul>\r\n\r\n<h3><strong>3. Bien Dong Seafood Restaurant - The taste of the ocean in the middle of Hanoi city</strong></h3>\r\n\r\n<ul>\r\n	<li>Average price 250,000 - 400,000 VND/person</li>\r\n</ul>\r\n\r\n<p>Coming to Bien Dong Seafood is coming to a &quot;miniature ocean&quot; with countless fresh seafood from popular to high-end, imported directly from Phu Quoc. The dishes here are not only fresh and delicious but also very affordable, suitable for family meals, company parties...</p>\r\n\r\n<p>&gt;&gt; Book a table at Bien Dong Seafood&nbsp;&nbsp;<strong><a href=\"https://pasgo.vn/ha-noi/nha-hang/hai-san-bien-dong-233\" target=\"_blank\">HERE</a></strong>&nbsp;&nbsp;to receive promotions from this delicious Hanoi restaurant!</p>\r\n\r\n<p><img alt=\"Top 20 famous and most favorite delicious restaurants in Hanoi - 4\" src=\"https://pastaxi-manager.onepas.vn/content/uploads/articles/dungtv/anh-bo-suu-tap/top-20-nha-hang-ngon-noi-tieng-o-hn/top-20-nha-hang-ngon-noi-tieng-duoc-yeu-thich-nhat-o-ha-noi-4.jpg\" style=\"height:auto\" /></p>\r\n\r\n<h3>&nbsp;</h3>\r\n\r\n<h3><strong>4. Phuong Nam - Delicious Hanoi restaurant with full Southern flavor&nbsp;</strong></h3>\r\n\r\n<ul>\r\n	<li>Average price 150,000 - 200,000 VND/person</li>\r\n</ul>\r\n\r\n<p>Phuong Nam is a chain of restaurants specializing in Southern dishes. Coming to the restaurant, you will enjoy Southern specialties in a spacious, cool space. Famous delicacies that make up the Phuong Nam brand: Crispy rice with caramelized fish sauce, goby fish hotpot, Southern Vietnamese pancakes, fish sauce hotpot...</p>\r\n\r\n<p>&gt;&gt; Discover Phuong Nam restaurant&#39;s promotions and book a table at this delicious Hanoi restaurant&nbsp;&nbsp;<strong><a href=\"https://pasgo.vn/ha-noi/nha-hang/nha-hang-phuong-nam-1080\" target=\"_blank\">HERE</a></strong>&nbsp;.</p>\r\n\r\n<p><img alt=\"\" src=\"https://cdn.pastaxi-manager.onepas.vn/content/uploads/articles/dungtv/anh-bo-suu-tap/top-20-nha-hang-ngon-noi-tieng-o-hn/top-quan-an-gia-dinh-ngon-hn-1.jpg\" style=\"height:auto\" /></p>\r\n\r\n<h3><strong>5. Countryside Market - Rich in the flavor of the distant countryside&nbsp;</strong></h3>\r\n\r\n<ul>\r\n	<li>Average price 150,000 - 500,000 VND/person</li>\r\n</ul>\r\n\r\n<p>Cho Que Restaurant is famous for its Vietnamese culinary flavors. This is a restaurant with a beautiful view and a space that preserves the simple Vietnamese countryside culture. Cho Que brings all the characteristics of each region wrapped up in each dish: Crispy fried chicken with sticky rice, fresh spring rolls with shrimp and meat, Tien Yen banana flower chicken salad...</p>\r\n\r\n<p>&gt;&gt; See details of promotions and book a table at Hanoi&#39;s delicious restaurant Cho Que&nbsp;&nbsp;<strong><a href=\"https://pasgo.vn/ha-noi/nha-hang/chuoi-cho-que-1745\" target=\"_blank\">HERE</a></strong>&nbsp;.</p>\r\n\r\n<p><img alt=\"Top 20 famous and most favorite delicious restaurants in Hanoi - 2\" src=\"https://cdn.pastaxi-manager.onepas.vn/content/uploads/articles/vuvu/blog/top20nhahangngonhanoi/top-20-nha-hang-ngon-noi-tieng-nhat-o-ha-noi-6.jpg\" style=\"height:auto\" /></p>\r\n\r\n<p><strong><strong>&gt;&gt; See more:&nbsp;</strong></strong></p>\r\n\r\n<ul>\r\n	<li><strong><strong><a href=\"https://pasgo.vn/chuyen-muc/nha-hang-dat-tiec-gia-dinh-o-ha-noi-vl8amm\" target=\"_blank\">Strengthen family ties with a meal at a cozy family restaurant in Hanoi</a></strong></strong></li>\r\n	<li><strong><strong><a href=\"https://pasgo.vn/ho-chi-minh/nha-hang/quan-an-gia-dinh-hcm-502\" target=\"_blank\">Don&#39;t miss these 20 QUIET, COZY family restaurants and eateries in HCM | BOOK A TABLE NOW</a>&nbsp;&nbsp;</strong></strong></li>\r\n</ul>\r\n\r\n<h3><strong>6. Hue Features - Rich flavors of the Ancient Capital&#39;s cuisine</strong></h3>\r\n\r\n<ul>\r\n	<li>Average price 50,000 - 150,000 VND/person</li>\r\n</ul>\r\n\r\n<p>Coming to Net Hue, you have the opportunity to enjoy and discover the unique quintessence of traditional Hue cuisine. Such as banh ram it, bun bo Hue, nem lui, oxtail stewed with five spices... The space of the Ancient Capital is represented, a blend of tradition and modernity.</p>\r\n\r\n<p>&gt;&gt; Discover Net Hue - A chain of delicious restaurants in Hanoi&nbsp;&nbsp;<strong><a href=\"https://pasgo.vn/ha-noi/nha-hang/net-hue-2059\" target=\"_blank\">HERE</a></strong>&nbsp;.</p>\r\n\r\n<p><img alt=\"Top 20 famous and most favorite delicious restaurants in Hanoi - 14\" src=\"https://pastaxi-manager.onepas.vn/content/uploads/articles/dungtv/anh-bo-suu-tap/top-20-nha-hang-ngon-noi-tieng-o-hn/top-20-nha-hang-ngon-noi-tieng-duoc-yeu-thich-nhat-o-ha-noi-14.jpg\" style=\"height:auto\" /></p>\r\n\r\n<h3><strong>7. Cha Ca Hang Son - Delicious restaurant in Hanoi</strong></h3>\r\n\r\n<ul>\r\n	<li>Average price 200,000 - 300,000 VND/person</li>\r\n</ul>\r\n\r\n<p>We invite you to the Cha Ca Hang Son chain to fully experience the culinary quintessence of Cha Ca - a famous delicacy of the Imperial City. This is also one of the restaurants with beautiful views in Hanoi, bringing a gentle and cozy old space.</p>\r\n\r\n<p>&gt;&gt; See attractive promotions from Hanoi&#39;s delicious restaurant - Cha Ca Hang Son&nbsp;&nbsp;<strong><a href=\"https://pasgo.vn/ha-noi/nha-hang/cha-ca-hang-son-1604\" target=\"_blank\">HERE</a></strong>&nbsp;.</p>\r\n\r\n<h2><strong>II. Good restaurants in Hanoi serving Asian and European dishes</strong></h2>\r\n\r\n<p>Are you passionate about exploring world cuisine? Are you fascinated by the flavors of Japan, Korea, Thailand... or the delicately presented dishes of distant Italy... Then you should immediately refer to the list of delicious restaurants in Hanoi serving Asian and European dishes below!</p>\r\n\r\n<h3><strong>1. Hatoyama &ndash; Japanese Taste Class</strong></h3>\r\n\r\n<ul>\r\n	<li>Average price 600,000 - 1,000,000 VND/person</li>\r\n</ul>\r\n\r\n<p>The Hatoyama restaurant chain is attractive with a menu full of special dishes of Japanese cuisine. From sashimi and sushi dishes made from fresh seafood imported from Japan to premium, expensive beef such as Kobe beef, Wagyu beef,...</p>\r\n\r\n<p>&gt;&gt; See details of space and menu of delicious restaurant Hatoyama Hanoi&nbsp;&nbsp;<strong><a href=\"https://pasgo.vn/ha-noi/nha-hang/hatoyama-1269\" target=\"_blank\">HERE</a></strong>&nbsp;.&nbsp;</p>\r\n\r\n<p><img alt=\"Top 10 most famous, high-class restaurants in Hanoi 5\" src=\"https://cdn.pastaxi-manager.onepas.vn/content/uploads/articles/nguyendoan/anh-bo-suu-tap/10-nh-cao-cap-noi-tieng-o-hn/Top-10-nha-hang-cao-cap-noi-tieng-nhat-o-ha-noi-5a.jpg\" style=\"height:auto\" /></p>\r\n\r\n<h3>&nbsp;</h3>\r\n\r\n<h3><strong>2. King BBQ &ndash; Famous Korean BBQ King</strong></h3>\r\n\r\n<ul>\r\n	<li>Average price 250,000 - 400,000 VND/person</li>\r\n</ul>\r\n\r\n<p>King BBQ is a famous brand chain present across the country from North to South specializing in&nbsp;&nbsp;<a href=\"https://pasgo.vn/ha-noi/nha-hang/han-quoc-16\" target=\"_blank\">Korean-style</a>&nbsp;grilled meat and hot pot . The menu of 200 dishes is served both buffet and a la carte, bringing exciting culinary experiences.</p>\r\n\r\n<p>&gt;&gt; Book a table at King BBQ - Hanoi&#39;s delicious restaurant chain&nbsp;&nbsp;<strong><a href=\"https://pasgo.vn/chuoi-nha-hang/chuoi-king-bbq-ha-noi---nuong-lau-chuan-vi-xu-kim-chi-612\" target=\"_blank\">HERE</a></strong>&nbsp;&nbsp;to receive incentives.&nbsp;</p>\r\n\r\n<p><img alt=\"Top 20 famous and most favorite delicious restaurants in Hanoi - 5\" src=\"https://pastaxi-manager.onepas.vn/content/uploads/articles/dungtv/anh-bo-suu-tap/top-20-nha-hang-ngon-noi-tieng-o-hn/top-20-nha-hang-ngon-noi-tieng-duoc-yeu-thich-nhat-o-ha-noi-5.jpg\" style=\"height:auto\" /></p>\r\n\r\n<p><strong><strong>&gt;&gt; See more:</strong></strong></p>\r\n\r\n<ul>\r\n	<li><strong><strong><a href=\"https://pasgo.vn/chuyen-muc/nha-hang-dat-tiec-cong-ty-cho-moi-doan-lon-nho-tai-ha-noi-bu78gj\" target=\"_blank\">Top 10 BEST COMPANY PARTY Restaurants for all groups, big or small | GET DISCOUNTS</a></strong></strong></li>\r\n	<li><strong><strong><a href=\"https://pasgo.vn/chuyen-muc/nha-hang-dat-tiec-cong-ty-tai-ho-chi-minh-bgfbkq\" target=\"_blank\">Party hard at 50+ great restaurants for company parties in HCM | BOOK A TABLE NOW</a>&nbsp;&nbsp;</strong></strong></li>\r\n</ul>\r\n\r\n<h3><strong>3. Hotpot Story - Delicious Asian hotpot restaurant in Hanoi</strong></h3>\r\n\r\n<ul>\r\n	<li>Average price 250,000 - 400,000 VND/person</li>\r\n</ul>\r\n\r\n<p>The story of 8 quintessential Asian hotpot flavors selected by Hotpot Story through the journey of discovery of culinary experts at Hotpot Story. The sour and spicy taste of Thai Toyum hotpot, spicy Sichuan hotpot, Japanese Miso hotpot, Korean Bulgogi hotpot...&nbsp;</p>\r\n\r\n<p>&gt;&gt; Please see more about the space and menu of Hotpot Story restaurant&nbsp;&nbsp;<strong><a href=\"https://pasgo.vn/chuoi-nha-hang/chuoi-nha-hang-hotpot-story-ha-noi---tinh-hoa-lau-chau-a-871\" target=\"_blank\">HERE</a></strong>&nbsp;. Don&#39;t forget to book a table in advance through PasGo to receive incentives.</p>\r\n\r\n<p><img alt=\"Khao Lao Restaurant Chain\" src=\"https://cdn.pastaxi-manager.onepas.vn/content/uploads/articles/thanhmai/anh-sua/ha-hang-khao-lao-duy-tan-4.jpg\" style=\"height:auto\" /></p>\r\n\r\n<h3>&nbsp;</h3>\r\n\r\n<h3><strong>4. Al Fresco&#39;s Restaurant &ndash; Authentic Italian Pizza Flavor</strong></h3>\r\n\r\n<ul>\r\n	<li>Average price 95,000 - 395,000 VND/person</li>\r\n</ul>\r\n\r\n<p>The highlight at Al Fresco&#39;s - a chain of delicious restaurants in Hanoi that is loved by many young people, office workers, and families is the Italian pizzas with new variations in flavor and shape. From square, round to shrimp, beef,... all are prepared by the talented hands of experienced chefs.</p>\r\n\r\n<p>&gt;&gt; Book a table at Al Fresco&#39;s restaurant with special offers&nbsp;&nbsp;<strong><a href=\"https://pasgo.vn/chuoi-nha-hang/chuoi-al-frescos-ha-noi---thuong-hieu-am-thuc-au---a-co-mat-tu-1996-793\" target=\"_blank\">HERE</a></strong>&nbsp;.&nbsp;</p>\r\n\r\n<p><img alt=\"Top 20 famous and most favorite delicious restaurants in Hanoi - 10\" src=\"https://pastaxi-manager.onepas.vn/content/uploads/articles/dungtv/anh-bo-suu-tap/top-20-nha-hang-ngon-noi-tieng-o-hn/top-20-nha-hang-ngon-noi-tieng-duoc-yeu-thich-nhat-o-ha-noi-10.jpg\" style=\"height:auto\" /></p>\r\n\r\n<h3><strong>5. Pepperonis - The story of the pioneer brand that brought Pizza to Vietnam</strong></h3>\r\n\r\n<ul>\r\n	<li>Average price 130,000 - 150,000 VND/person</li>\r\n</ul>\r\n\r\n<p>Are you looking for a peaceful, quiet space to chat with friends and relatives after a long day of stressful work? If you are tired of grilled dishes, hot pot or Japanese, Korean buffet, let the Asian and European dishes at Pepperoni&#39;s restaurant refresh your taste buds. In addition to Italian Pizza flavors, there are also grilled pork ribs, spaghetti, hamburgers or imported beef steak...</p>\r\n\r\n<p>&gt;&gt; Book a table at the delicious Hanoi restaurant Pepperonis&nbsp;&nbsp;<strong><a href=\"https://pasgo.vn/chuoi-nha-hang/chuoi-nha-hang-pepperonis---su-giao-thoa-giua-am-thuc-au-va-a-764\" target=\"_blank\">HERE</a></strong>&nbsp;&nbsp;via PasGo to receive a discount.</p>\r\n\r\n<p><img alt=\"Top 20 famous and most favorite delicious restaurants in Hanoi - 15\" src=\"https://pastaxi-manager.onepas.vn/content/uploads/articles/dungtv/anh-bo-suu-tap/top-20-nha-hang-ngon-noi-tieng-o-hn/top-20-nha-hang-ngon-noi-tieng-duoc-yeu-thich-nhat-o-ha-noi-15.jpg\" style=\"height:auto\" /></p>\r\n\r\n<h3><strong>6. Khao Lao - Taste the sour, spicy, salty, sweet flavors typical of Lao cuisine</strong></h3>\r\n\r\n<ul>\r\n	<li>Average price 200,000 - 250,000 VND/person</li>\r\n</ul>\r\n\r\n<p>Not too fussy, the dishes of the Land of a Million Elephants at Khao Lao restaurant are still unique enough to conquer culinary enthusiasts with their simplicity and distinct flavors. More than 100 dishes here will give you a sense of the perfect harmony of those quintessential beauties.</p>\r\n\r\n<p>&gt;&gt; Get a special offer to book a table at Hanoi&#39;s delicious restaurant - Khao Lao&nbsp;&nbsp;<strong><a href=\"https://pasgo.vn/chuoi-nha-hang/chuoi-nha-hang-khao-lao---am-thuc-lao-doc-dao-883\" target=\"_blank\">HERE</a></strong>&nbsp;.</p>\r\n\r\n<p><img alt=\"Top 20 famous and most favorite delicious restaurants in Hanoi - 18\" src=\"https://pastaxi-manager.onepas.vn/content/uploads/articles/dungtv/anh-bo-suu-tap/top-20-nha-hang-ngon-noi-tieng-o-hn/top-20-nha-hang-ngon-noi-tieng-duoc-yeu-thich-nhat-o-ha-noi-18.jpg\" style=\"height:auto\" /></p>\r\n\r\n<h2><strong>How to book a table at PasGo</strong></h2>\r\n\r\n<ul>\r\n	<li><a href=\"https://apps.apple.com/us/app/pasgo-%C4%91%E1%BA%B7t-b%C3%A0n-nh%C3%A0-h%C3%A0ng-%C6%B0u-%C4%91%C3%A3i/id896053668\" target=\"_blank\">Method 1: Book a table via PasGo app (free). Download IOS</a>&nbsp;&nbsp;or&nbsp;&nbsp;<a href=\"https://play.google.com/store/apps/details?id=com.onepas.android.pasgo&amp;hl=en_US\" target=\"_blank\">Android</a>&nbsp;version&nbsp;&nbsp;</li>\r\n	<li>Method 2: Book a table via website&nbsp;&nbsp;<a href=\"http://www.pasgo.vn/\" target=\"_blank\">https://pasgo.vn/</a>&nbsp;&nbsp;(free)</li>\r\n	<li>Method 3: Call PasGo switchboard 1900 6005 (1000 VND/minute)</li>\r\n</ul>\r\n\r\n<p>------------------------------</p>\r\n\r\n<p>✤ Above are the top favorite delicious restaurants in Hanoi with attractive promotions. Choose the right delicious restaurant in Hanoi to enjoy with friends and loved ones!</p>\r\n\r\n<p>✤ The list of delicious restaurants in Hanoi will be reviewed and updated regularly by the PasGo Editorial Team when there are changes. If the changes in promotions or restaurants are not timely, please send an email to&nbsp;&nbsp;<strong>contact@PasGo.vn</strong>&nbsp;&nbsp;or comment below the article.&nbsp;</p>\r\n\r\n<p>✤ Dear Restaurant/Food Shop owners, if you are interested in cooperating with PasGo, please contact PasGo&#39;s sales department via email&nbsp;&nbsp;<strong>Kinhdoanh@PasGo.vn</strong>&nbsp;. Or contact the Sales hotline&nbsp;&nbsp;<strong>0901.006.005</strong>&nbsp;&nbsp;or provide information directly to PasGo&nbsp;&nbsp;<strong><a href=\"https://docs.google.com/forms/d/e/1FAIpQLSeDfyV1SX2TaDbK0sJiy43FVp4I6MdgmcArhuAjs2JVr0ToHw/viewform?vc=0&amp;c=0&amp;w=1\" target=\"_blank\">HERE</a></strong>&nbsp;. PasGo thanks you!</p>\r\n','2024-08-06 22:58:03.882000','In the article below, PasGo Team will review for you the top most popular delicious restaurants in Hanoi today. The World of Seafood, Buffet King BBQ, Net Hue, Cha Ca Hang Son, Hotpot Story... are all delicious restaurants in Hanoi that are offering many promotions and free reservations when booking a table online at PasGo. Click to see each restaurant in detail!','HOT','13+ BEST RESTAURANTS in Hanoi with the most customers - Menu, PasGo table reservation offers','ACTIVE','2024-08-06 22:58:03.882000'),(11,'anhpn','top10Buffet.jpg','<p>Sitting around a crackling charcoal stove, eating delicious, fresh pieces of meat is always the choice for gatherings of friends and family. So which BBQ restaurant is delicious, cheap, and quality in Ho Chi Minh City? Below is a list of popular BBQ restaurant addresses that PasGo has compiled, please refer to it!</p>\r\n\r\n<h2><strong>1.&nbsp;</strong><strong>Grill No.1 &ndash; 158 Thanh Thai, Ward 12, District 10</strong></h2>\r\n\r\n<p>Come to Nuong No.1 to travel around the world of Asian and European cuisine, enjoy all the delicious flavors of premium meat, fresh grilled seafood and inviting hot pots!</p>\r\n\r\n<p>Price range: 150,000 - 220,000 VND/person</p>\r\n\r\n<p><img alt=\"Top 10 delicious and cheap BBQ buffet restaurants in Saigon photo 2\" src=\"https://pastaxi-manager.onepas.vn/content/uploads/articles/2amthuc/nhahang/chinhsuahcm1808/Nha-hang-suon-no-1-suon-number-1-quan-10-1a-6542.jpg\" style=\"height:auto\" /></p>\r\n\r\n<p>A sumptuous feast at No.1 Ribs restaurant</p>\r\n\r\n<p><strong>&gt;&gt; See more:&nbsp;<a href=\"https://pasgo.vn/nha-hang/nha-hang-nuong-no-1-thanh-thai-quan-10-1089\" target=\"_blank\">Extremely attractive promotion program of No.1 ribs</a></strong></p>\r\n\r\n<h2><strong>2. Pachi Pachi Restaurant &ndash; 52 Mac Dinh Chi, Da Kao Ward, District 1</strong></h2>\r\n\r\n<p>The restaurant offers an attractive Japanese BBQ buffet flavor. The delicious BBQ buffet with special Tare sauce makes the grilled dishes special. The ingredients here are diverse and rich, carefully selected, focusing on all processing stages.</p>\r\n\r\n<p>Price range: 180,000 - 250,000 VND/person</p>\r\n\r\n<p><img alt=\"Top 10 delicious and cheap BBQ buffet restaurants in Saigon photo 3\" src=\"https://pastaxi-manager.onepas.vn/content/uploads/articles/2amthuc/nhahang/top10buffetngonrehn/top-10-nha-hang-buffet-nuong-BBQ-ngon-re-o-Sai-Gon-3.jpg\" style=\"height:auto\" /></p>\r\n\r\n<p>The beef is sliced ​​thick enough to create the moisture of the beef.</p>\r\n\r\n<p>&gt;&gt; See more restaurant details&nbsp;<a href=\"https://pasgo.vn/nha-hang/nha-hang-buffet-pachi-pachi-52-mac-dinh-chi-quan-1-712\" target=\"_blank\">here</a>&nbsp;.</p>\r\n\r\n<h2><strong>3. Chen Buffet - 46 Thoai Ngoc Hau, Hoa Thanh ward, Tan Phu district</strong></h2>\r\n\r\n<p>As a delicious and cheap barbecue buffet restaurant in Ho Chi Minh City, Chen Buffet is known for its rich and diverse 30-dish hot pot and barbecue buffet. Coming here, you will enjoy a variety of delicious dishes such as: grilled green crab, grilled oysters, beef rolls with mushrooms, grilled ribs, mushroom hot pot,... at extremely cheap prices!</p>\r\n\r\n<p>Price range: from only 99,000 VND/person</p>\r\n\r\n<p><img alt=\"Top 10 delicious and cheap BBQ buffet restaurants in Saigon photo 5\" src=\"https://cdn.pastaxi-manager.onepas.vn/content/uploads/articles/2amthuc/nhahang/top10buffetngonrehn/top-10-nha-hang-buffet-nuong-tphcm-5.jpg\" style=\"height:auto\" /></p>\r\n\r\n<p>Fresh ingredients are well seasoned</p>\r\n\r\n<h2>4. Hell Bull BBQ &amp; Beer - 41 Xuan Thuy, Thao Dien ward, district 2&nbsp;</h2>\r\n\r\n<p>Coming to Hell Bull BBQ &amp; Beer, you will enjoy an extremely rich and quality menu with a variety of dishes, not only BBQ from pork, beef, chicken to fresh seafood but also delicious and attractive Thai hot pot at cheap prices. This place is suitable for group meetings, parties or family gatherings...</p>\r\n\r\n<p>Price range: 100,000 - 150,000 VND/person</p>\r\n\r\n<p><img alt=\"\" src=\"https://cdn.pastaxi-manager.onepas.vn/content/uploads/articles/napham/top%20nha%20hang%20bbq%20ngon%20re/top-nha-hang-bbq-ngon-re-4.jpg\" style=\"height:auto\" /></p>\r\n\r\n<p>A variety of food lines for you to choose from</p>\r\n\r\n<p>&gt;&gt; See more details of the restaurant&#39;s latest promotions&nbsp;<a href=\"https://pasgo.vn/nha-hang/nha-hang-hell-bull-bbq-n-beer-2434\" target=\"_blank\">here</a>&nbsp;.</p>\r\n\r\n<h2>5. U.BBQ Buffet - 178 Pham Van Dong, Hiep Binh Chanh ward, Thu Duc district</h2>\r\n\r\n<p>With a variety of grilled hot pot buffet dishes, U.BBQ Buffet brings you an extremely satisfying experience. The attractive buffet menu with grilled dishes such as pork, beef, chicken, octopus, clams, shrimp... to delicious hot pot dishes such as Thai hot pot, seafood hot pot... What are you waiting for, come to U.BBQ Buffet to enjoy delicious dishes right away!</p>\r\n\r\n<p>Price range: 180,000 - 250,000 VND/person</p>\r\n\r\n<p><img alt=\"\" src=\"https://cdn.pastaxi-manager.onepas.vn/content/uploads/articles/napham/top%20nha%20hang%20bbq%20ngon%20re/top-nha-hang-bbq-ngon-re-5.jpg\" style=\"height:auto\" /></p>\r\n\r\n<p>&gt;&gt; Book a table and receive&nbsp;U.BBQ Buffet&nbsp;<a href=\"https://pasgo.vn/nha-hang/nha-hang-u-bbq-buffet-pham-van-dong-3344\" target=\"_blank\">promotion !</a></p>\r\n\r\n<h2>6. Grilled Ribs &amp; Beer Chain - Change the taste with grilled ribs and beer</h2>\r\n\r\n<p>The Grilled Ribs &amp; Beer chain is one of the first grill and beer models in Saigon. Coming here, you will enjoy delicious grilled dishes, especially with glasses of premium Czech beer, with friends and relatives, raising glasses by the crackling charcoal stove, chatting happily, what could be better!</p>\r\n\r\n<p>Price range: 150,000 - 250,000 VND/person</p>\r\n\r\n<p><img alt=\"\" src=\"https://cdn.pastaxi-manager.onepas.vn/content/uploads/articles/napham/top%20nha%20hang%20bbq%20ngon%20re/top-nha-hang-bbq-ngon-re-6.jpg\" style=\"height:auto\" /></p>\r\n\r\n<p>The restaurant is always crowded and attracts people of all ages.</p>\r\n\r\n<p>&gt;&gt; See more detailed information about the facilities&nbsp;<a href=\"https://pasgo.vn/chuoi-nha-hang/nha-hang-suon-cay-nuong-and-beer-hcm-1725\" target=\"_blank\">here</a>&nbsp;.</p>\r\n\r\n<h2>7. Buzza BBQ - 51-53 Nguyen Thi Thap, 3rd-4th floor, Tan Hung ward, district 7</h2>\r\n\r\n<p>Although it was only established in 2016, Buzza BBQ has always gained the trust of many diners because of its delicious, quality, authentic Korean grilled dishes at affordable prices. In addition, you can also experience the unique way of eating grilled food on a charcoal stove with 2 trays of eggs and cheese around, making the grilled dishes more rich and special.</p>\r\n\r\n<p>Price range: Price range: 120,000 - 180,000 VND/person</p>\r\n\r\n<p><img alt=\"\" src=\"https://cdn.pastaxi-manager.onepas.vn/content/uploads/articles/napham/top%20nha%20hang%20bbq%20ngon%20re/top-nha-hang-bbq-ngon-re-7.jpg\" style=\"height:auto\" /></p>\r\n\r\n<p>Fresh red meat pieces, just looking at them makes you want to eat them</p>\r\n\r\n<p>&gt;&gt; See more pictures of restaurant space and dishes&nbsp;<a href=\"https://pasgo.vn/nha-hang/nha-hang-buzza-bbq-nguyen-thi-thap-1835\" target=\"_blank\">here</a>&nbsp;.</p>\r\n\r\n<h2>8. Bangkok BBQ Chain - Discover Thai BBQ Hotpot Party</h2>\r\n\r\n<p>Japanese and Korean style grilling is already familiar to us, let&#39;s change to Thai style grilling at Bangkok BBQ. Coming here, you will enjoy grilled dishes in the style of the Golden Temple country with delicious and attractive Thai hot pot.</p>\r\n\r\n<p>Price range: 150,000 - 200,000 VND/person</p>\r\n\r\n<p><img alt=\"\" src=\"https://cdn.pastaxi-manager.onepas.vn/content/uploads/articles/napham/top%20nha%20hang%20bbq%20ngon%20re/top-nha-hang-bbq-ngon-re-8.jpg\" style=\"height:auto\" /></p>\r\n\r\n<p>&gt;&gt;&nbsp;<a href=\"https://pasgo.vn/chuoi-nha-hang/nha-hang-bangkok-bbq-buffet-999\" target=\"_blank\">Click</a>&nbsp;to see more details of Bangkok BBQ locations.</p>\r\n\r\n<h2>9. Yaki Grill Chain - Never stop grilling</h2>\r\n\r\n<p>With the slogan &quot;Never stop grilling&quot; of Yaki Grill Restaurant, it shows that the grilled dishes here are delicious and attractive, once you eat them, you cannot stop. That&#39;s right, every time customers come to the restaurant, they share about the quality and attractive flavors of the dishes that make them eat forever without getting bored.</p>\r\n\r\n<p>Price range: 180,000 - 250,000 VND/person</p>\r\n\r\n<p><img alt=\"\" src=\"https://cdn.pastaxi-manager.onepas.vn/content/uploads/articles/napham/top%20nha%20hang%20bbq%20ngon%20re/top-nha-hang-bbq-ngon-re-9.jpg\" style=\"height:auto\" /></p>\r\n\r\n<p>Grilled meat is marinated according to the restaurant&#39;s special recipe, making diners extremely excited.</p>\r\n\r\n<p>&gt;&gt; See more information about Yaki Grill Restaurant locations&nbsp;<a href=\"https://pasgo.vn/chuoi-nha-hang/quan-nuong-yaki-990\" target=\"_blank\">here</a>&nbsp;.</p>\r\n\r\n<h2>10. Kanpai - 34 Phan Dinh Giot, Ward 2, Tan Binh District</h2>\r\n\r\n<p>To enjoy delicious grilled meat on a charcoal stove, we must mention the Japanese grilling culture, most of the grilled food in this country is grilled on a charcoal stove. If you are looking for a Japanese-style grilled buffet restaurant, come to Kanpai, you will enjoy the most delicious and premium soy sauce meats.</p>\r\n\r\n<p><img alt=\"\" src=\"https://cdn.pastaxi-manager.onepas.vn/content/uploads/articles/napham/top%20nha%20hang%20bbq%20ngon%20re/top-nha-hang-bbq-ngon-re-10.jpg\" style=\"height:auto\" /></p>\r\n\r\n<p>The meat is not marinated much to keep the delicious taste of the food.</p>\r\n\r\n<p>With the list of 10 BBQ buffet restaurants above, you will no longer have a &quot;headache&quot; in choosing a place to eat, just pocket PasGo&#39;s suggestions and you can enjoy delicious, quality grilled dishes at extremely affordable prices. Don&#39;t forget to book a table through PasGo - Delicious restaurant network to reserve a seat and receive incentives! Wish you have fun and meaningful moments with friends and relatives!</p>\r\n','2024-08-06 22:59:47.419000','Below are 10 attractive barbecue buffet restaurants in Ho Chi Minh City with delicious Korean and Japanese grilled dishes, clean and guaranteed ingredients and affordable prices. Check it out now!','HOT','Top 10 delicious and cheap BBQ buffet restaurants, price around 200k/person in Ho Chi Minh City','ACTIVE','2024-08-06 22:59:47.419000'),(12,'Hoang Lan','topquanbuffetlaunuong.jpg','<h2>1. Van Don Seafood Vo Thi Sau - Delicious seafood hotpot</h2>\r\n\r\n<ul>\r\n	<li>Address: No. 91 Vo Thi Sau - Thanh Nhan Ward - Hai Ba Trung District - Hanoi</li>\r\n	<li>Opening hours: 10:30 - 13:30 and 17:00 - 21:30</li>\r\n	<li>Price: From 200,000 VND - 300,000 VND</li>\r\n</ul>\r\n\r\n<h3>Delicious seafood hotpot - Fresh seafood&nbsp;</h3>\r\n\r\n<p>If you are looking for a delicious Vo Thi Sau hot pot buffet address, you should immediately refer to the delicious Van Don seafood hot pot Vo Thi Sau. The restaurant&#39;s seafood is fresh and hand-caught, processed right at the table for diners to enjoy. The restaurant&#39;s famous delicious dishes include grilled, steamed, or baked bamboo lobster with cheese; King crab fried with salt, steamed, baked with cheese, fried with garlic; Steamed and fried Alaska lobster; Delicious seafood hot pot is also very attractive...</p>\r\n\r\n<p><img alt=\"Vo Thi Sau hot pot and grill buffet Van Don Seafood\" src=\"https://cdn.pastaxi-manager.onepas.vn/content/uploads/articles/lanmkt/quananoquanhbt/buffetlaunuongvothisau/buffet-lau-nuong-vo-thi-sau-hai-san-van-don.jpg\" style=\"height:auto\" /><br />\r\n<em>Delicious Van Don seafood hotpot, fresh and delicious hotpot broth (Photo: PasGo Team)</em></p>\r\n\r\n<p>The restaurant space is modern, spacious and airy with only 1 floor but can accommodate up to more than 550 diners. If you want a private space, you can book a private room. The restaurant also has outdoor tables to serve the needs of customers.&nbsp;</p>\r\n\r\n<p><img alt=\"Vo Thi Sau hot pot and grill buffet Van Don Seafood\" src=\"https://cdn.pastaxi-manager.onepas.vn/content/uploads/articles/lanmkt/quananoquanhbt/buffetlaunuongvothisau/buffet-lau-nuong-vo-thi-sau-hai-san-van-don-1.jpg\" style=\"height:auto\" /></p>\r\n\r\n<p><em>Van Don seafood space is spacious and airy (Photo: PasGo Team)</em></p>\r\n\r\n<h3>Book Van Don Vo Thi Sau seafood restaurant via PasGo with many incentives&nbsp;</h3>\r\n\r\n<p>Van Don Vo Thi Sau Seafood is a delicious restaurant that is often full and crowded, so customers should prioritize booking a table in advance and holding a seat to avoid running out of tables and not having to wait. To book a table and hold a seat most conveniently, you can refer to booking a table through PasGo with many incentives on costs, helping customers choose the most satisfactory seating position.&nbsp;</p>\r\n\r\n<p>Luckily, Van Don Vo Thi Sau seafood restaurant is now available on the delicious restaurant booking platform PasGo. Refer to more information and book Van Don seafood restaurant on PasGo&nbsp;<strong><a href=\"https://pasgo.vn/nha-hang/hai-san-van-don-vo-thi-sau-3949\" target=\"_blank\">HERE</a></strong>&nbsp;&nbsp;to receive immediate incentives.</p>\r\n\r\n<h2>2. Khang Buffet Vo Thi Sau - Delicious grilled food for drinkers</h2>\r\n\r\n<ul>\r\n	<li>Opening hours: 18:00 - 23:00</li>\r\n	<li>Price: From 199,000 VND</li>\r\n</ul>\r\n\r\n<p>Khang Nuong Vo Thi Sau is a hot pot and grill restaurant serving both hot pot and grill at very reasonable prices starting from only 199,000 VND. The restaurant is always crowded with delicious hot pot and grill dishes at affordable prices, well-marinated grilled meat, and fresh hot pot ingredients.&nbsp;</p>\r\n\r\n<p><img alt=\"Vo Thi Sau Khang Buffet hot pot and grill buffet\" src=\"https://cdn.pastaxi-manager.onepas.vn/content/uploads/articles/lanmkt/quananoquanhbt/buffetlaunuongvothisau/buffet-lau-nuong-vo-thi-sau-khang-buffet.jpg\" style=\"height:auto\" /></p>\r\n\r\n<p><em>Khang Buffet is a favorite Vo Thi Sau barbecue restaurant (Photo:st)</em></p>\r\n\r\n<p>Khang Buffet&#39;s hot pot and grill dipping sauce is a bit sweet in the Southern style, so it&#39;s not really suitable for some Northerners, which is considered a small minus point. The outdoor space is spacious and airy with a variety of drinks for diners to enjoy hot pot and grill while drinking. Unfortunately, Khang Buffet is not currently available on the online table booking platform - PasGo restaurant.</p>\r\n\r\n<p>PasGo update now Khang Buffet has moved to a new location!</p>\r\n\r\n<h2>3. Hung Beo Vo Thi Sau Grilled Grill - Grilled buffet at &quot;student&quot; price</h2>\r\n\r\n<ul>\r\n	<li>Opening hours: 18:00 - 23:30</li>\r\n	<li>Price: Grill buffet 159,000 VND; Hot pot buffet 159,000 VND; Hot pot - grill combo 199,000 VND</li>\r\n</ul>\r\n\r\n<p>Grilled pork Hung Beo is considered a grilled buffet address Vo Thi Sau with super fresh and delicious food quality, especially enthusiastic staff and very reasonable prices, so it is loved by many diners. Hot pot and grilled buffet Vo Thi Sau, Hai Ba Trung district, Hanoi - Hung Beo is a sidewalk hot pot and grilled food address but the food quality is super delicious and the price is also very reasonable.&nbsp;</p>\r\n\r\n<p><img alt=\"Hot pot and grill buffet Vo Thi Sau Hung Beo\" src=\"https://cdn.pastaxi-manager.onepas.vn/content/uploads/articles/lanmkt/quananoquanhbt/buffetlaunuongvothisau/buffet-lau-nuong-vo-thi-sau-hung-beo.jpg\" style=\"height:auto\" /></p>\r\n\r\n<p><em>Hung Beo Vo Thi Sau grilled skewers are fresh and delicious (Photo:st)</em></p>\r\n\r\n<p>The buffet menu of this Vo Thi Sau hot pot and grill restaurant is extremely diverse with dishes: grilled onion belly, grilled pork strips, grilled chicken wings, spicy cartilage ribs, special sausage, boneless chicken feet, butter bread,... The restaurant&#39;s hot pot buffet has American beef belly, beef tenderloin, beef tongue, beef balls, chicken thighs, fish cakes, intestines, cartilage,... The restaurant&#39;s drinks include beer, coca, red beef, simple iced tea for diners to choose to order when eating buffet. Unfortunately, Hung Beo Grilled Lui is not available on the online table booking platform - PasGo restaurant.</p>\r\n\r\n<p>&nbsp;</p>\r\n\r\n<p>&gt;&gt;&gt;See more:&nbsp;&nbsp;<a href=\"https://pasgo.vn/blog/top-10-quan-an-ngon-nhat-khu-vuc-hai-ba-trung-542\" target=\"_blank\">Top best restaurants in Hai Ba Trung area</a></p>\r\n\r\n<p>&nbsp;</p>\r\n\r\n<h2>4. Grilled skewers of Map Coi Vo Thi Sau only 135,000 VND</h2>\r\n\r\n<ul>\r\n	<li>Opening hours: 18:30 - 23:00</li>\r\n	<li>Price range: from 50,000 VND - 135,000 VND</li>\r\n</ul>\r\n\r\n<p>Grilled ...</p>\r\n\r\n<p><img alt=\"Hot pot buffet Vo Thi Sau grilled skewers Map Coi\" src=\"https://cdn.pastaxi-manager.onepas.vn/content/uploads/articles/lanmkt/quananoquanhbt/buffetlaunuongvothisau/buffet-lau-nuong-vo-thi-sau-map-coi.jpg\" style=\"height:auto\" /></p>\r\n\r\n<p><em>Hot pot and grill buffet Vo Thi Sau Map Coi Delicious grilled food restaurant, comfortable space (Photo:st)</em></p>\r\n\r\n<p>Map Coi Quan is considered a &quot;sidewalk restaurant&quot; with a student-priced grilled buffet, seafood is always fresh and delicious with octopus or squid eggs, beef, pork are all delicious and attractive. The restaurant also uses smokeless charcoal so it is extremely convenient and clean. The restaurant menu is diverse with delicious quality grilled dishes, diners can enjoy delicious grilled dishes such as: Sweet and sour grilled ribs, grilled octopus with pepper sauce, grilled offal with satay sauce, .. Unfortunately, Map Coi Quan is not currently available on the online table booking platform - PasGo restaurant</p>\r\n\r\n<h2>5. Korean hot pot and grill buffet Tugi House Vo Thi Sau</h2>\r\n\r\n<ul>\r\n	<li>Opening hours: 10:00 - 16:00 and 17:00 - 23:00</li>\r\n	<li>Price range: Grilled or hotpot buffet from 159,000 VND; Grilled and hotpot buffet from 199,000 VND</li>\r\n</ul>\r\n\r\n<p>Vo Thi Sau Hot Pot Buffet, Hai Ba Trung District, Hanoi - Tugi House is highly rated for the quality of its food. Vo Thi Sau Hot Pot Buffet is delicious and you definitely shouldn&#39;t miss this place. The beef dipped in the hot pot is fresh, the hot pot broth is clear and foam-free. Other toppings for dipping in the hot pot are also very attractive, including shrimp heads and attractive squid.</p>\r\n\r\n<p><img alt=\"Vo Thi Sau Tugi House hot pot and grill buffet\" src=\"https://cdn.pastaxi-manager.onepas.vn/content/uploads/articles/lanmkt/quananoquanhbt/buffetlaunuongvothisau/buffet-lau-nuong-vo-thi-sau-tugi-house-1.jpg\" style=\"height:auto\" /><br />\r\n<em>Tugi House hot pot buffet with fresh beef, clear hot pot broth (Photo: st)</em></p>\r\n\r\n<p>The most popular grilled buffet at Vo Thi Sau at Tugi House is beef, marinated meat with rich flavor. The restaurant has tofu pudding for dessert for diners. The space is super beautiful, has air conditioning and a smoke extraction system to avoid too much smell when diners enjoy the hot pot and grilled buffet. Unfortunately, Tugi House is not currently available on the online table booking platform - PasGo restaurant</p>\r\n\r\n<p><img alt=\"Vo Thi Sau Tugi House hot pot and grill buffet\" src=\"https://cdn.pastaxi-manager.onepas.vn/content/uploads/articles/lanmkt/quananoquanhbt/buffetlaunuongvothisau/buffet-lau-nuong-vo-thi-sau-tugi-house.jpg\" style=\"height:auto\" /><br />\r\n<em>Tugi House&#39;s homemade dipping sauce is diverse (Photo:st)</em></p>\r\n\r\n<h2>6. Delicious Buffalo - Delicious buffalo hotpot restaurant in the Northwest</h2>\r\n\r\n<ul>\r\n	<li>Address: No. 91 Vo Thi Sau - Thanh Nhan Ward - Hai Ba Trung District - Hanoi</li>\r\n	<li>Opening hours: 10:30 - 23:00</li>\r\n	<li>Price: From 150,000 VND - 250,000 VND&nbsp;</li>\r\n</ul>\r\n\r\n<h3>Delicious restaurant specializing in buffalo meat dishes</h3>\r\n\r\n<p>In addition to the Vo Thi Sau hot pot buffet, if you want to enjoy delicious hot pot, don&#39;t miss Trau Ngon Qua. Trau Ngon Qua has been operating for more than 3 years and has received a lot of love from Hanoi diners. All dishes are made from fresh, delicious buffalo meat, standard Northwest. The buffalo meat is very soft and not tough at all, retaining the characteristic sweetness of the meat.&nbsp;</p>\r\n\r\n<p>The most famous delicious dishes at Trau Ngon Qua Vo Thi Sau that are loved by diners are Tay Bac Buffalo Hotpot, buffalo hotpot with fermented rice and buffalo rolls, fried buffalo with garlic, fried buffalo meat with green pepper, grilled buffalo on stone,...</p>\r\n\r\n<p><img alt=\"Vo Thi Sau Hot Pot and Grill Buffet, So Delicious Buffalo\" src=\"https://cdn.pastaxi-manager.onepas.vn/content/uploads/articles/lanmkt/quananoquanhbt/buffetlaunuongvothisau/buffet-lau-nuong-vo-thi-sau-trau-ngon-qua-1.jpg\" style=\"height:auto\" /><br />\r\n<em>Super delicious Buffalo Hotpot (Photo:st)</em></p>\r\n\r\n<p>The space of Trau Ngon Qua Vo Thi Sau is super spacious, over 1000m2 and right next to Thanh Nhan lake, airy and cool, so it is very suitable for gathering with friends and relatives.</p>\r\n\r\n<p><img alt=\"Vo Thi Sau Hot Pot and Grill Buffet, So Delicious Buffalo\" src=\"https://cdn.pastaxi-manager.onepas.vn/content/uploads/articles/lanmkt/quananoquanhbt/buffetlaunuongvothisau/buffet-lau-nuong-vo-thi-sau-trau-ngon-qua.jpg\" style=\"height:auto\" /></p>\r\n\r\n<p><em>The space of Trau Ngon Qua is super spacious and right next to Thanh Nhan Lake, super spacious and airy (Photo: st)</em></p>\r\n\r\n<h3>Book Trau Ngon Qua restaurant via PasGo with many incentives&nbsp;</h3>\r\n\r\n<p>Trau Ngon Qua is a place to eat buffalo hotpot, buffalo dishes are extremely attractive and loved by many diners. However, if you do not book in advance at the restaurant, the table will be full very quickly and there will be no attractive promotions. PasGo is a platform that supports online table reservations for diners when coming to eat at Trau Ngon Qua with many promotions, helping you choose a satisfactory seat, book a seat in advance to avoid running out of tables during peak hours.&nbsp;</p>\r\n\r\n<p>Don&#39;t forget to book a table and reserve a seat online at Trau Ngon Qua restaurant on PasGo&nbsp;<strong><a href=\"https://pasgo.vn/nha-hang/nha-hang-trau-ngon-qua---vo-thi-sau-4599\" target=\"_blank\">HERE</a></strong>&nbsp;&nbsp;to get a nice seat and many attractive price incentives.&nbsp;</p>\r\n\r\n<h2>7. Gia Trang Quan - Traditional delicious hotpot, the quintessence of country cuisine</h2>\r\n\r\n<ul>\r\n	<li>Address: Lane 42 Vo Thi Sau - Hai Ba Trung District - Hanoi</li>\r\n	<li>Opening hours: 11:00 - 22:00</li>\r\n	<li>Price: From 150,000 VND - 250,000 VND</li>\r\n</ul>\r\n\r\n<h3>Traditional food menu with unique names</h3>\r\n\r\n<p>Vo Thi Sau Hot Pot is delicious, you should definitely visit Gia Trang Quan once with a super attractive menu with hot pot dishes with unique names: Long-legged frog hot pot, speeding snail hot pot, straight-walking crab hot pot, graceful eel hot pot, dying chicken hot pot, kimchi cheese hot pot. In addition, the restaurant has super delicious and attractive catfish sets, sturgeon sets, eel, Thi No chicken porridge hot pot.</p>\r\n\r\n<p><img alt=\"Vo Thi Sau Gia Trang Quan hot pot and grill buffet\" src=\"https://cdn.pastaxi-manager.onepas.vn/content/uploads/articles/lanmkt/quananoquanhbt/buffetlaunuongvothisau/buffet-lau-nuong-vo-thi-sau-gia-trang-quan.jpg\" style=\"height:auto\" /></p>\r\n\r\n<p><em>Gia Trang Quan hot pot set with traditional flavor (Photo: PasGo Team)</em></p>\r\n\r\n<p>Diners can also enjoy special dishes such as Vu Dai village sticky rice, Gia Trang grilled chicken, Hoang Pho sticky rice,... Gia Trang Quan space is especially large and has an ancient look with a design like a miniature Vu Dai village.&nbsp;</p>\r\n\r\n<p><img alt=\"Vo Thi Sau Gia Trang Quan hot pot and grill buffet\" src=\"https://cdn.pastaxi-manager.onepas.vn/content/uploads/articles/lanmkt/quananoquanhbt/buffetlaunuongvothisau/buffet-lau-nuong-vo-thi-sau-gia-trang-quan-2.jpg\" style=\"height:auto\" /></p>\r\n\r\n<p><em>Vo Thi Sau hot pot and grill is delicious, high-class with buffalo meat dishes that cannot be missed at Gia Trang Quan (Photo: PasGo Team)</em></p>\r\n\r\n<p><img alt=\"Vo Thi Sau Gia Trang Quan hot pot and grill buffet\" src=\"https://cdn.pastaxi-manager.onepas.vn/content/uploads/articles/lanmkt/quananoquanhbt/buffetlaunuongvothisau/buffet-lau-nuong-vo-thi-sau-gia-trang-quan-3.jpg\" style=\"height:auto\" /></p>\r\n\r\n<p><em>Gia Trang Quan&#39;s space is super spacious, decorated with bold rustic colors (Photo: PasGo Team)</em></p>\r\n','2024-08-06 23:01:30.859000','Cheap hot pot and grill buffet Vo Thi Sau Hanoi near Tuoi Tre Park for drinkers, company parties, and festivals is extremely reasonable. Join PasGo to check out the best hot pot and grill buffet restaurants on Vo Thi Sau Street, Hanoi','NOT','Top best hot pot and grill buffet restaurants on Vo Thi Sau - NEAR Tuoi Tre park','ACTIVE','2024-08-06 23:01:30.859000');
/*!40000 ALTER TABLE `blogs` ENABLE KEYS */;
UNLOCK TABLES;

--
-- Table structure for table `categories`
--

DROP TABLE IF EXISTS `categories`;
/*!40101 SET @saved_cs_client     = @@character_set_client */;
/*!50503 SET character_set_client = utf8mb4 */;
CREATE TABLE `categories` (
  `id` int NOT NULL AUTO_INCREMENT,
  `checked` bit(1) DEFAULT NULL,
  `image` varchar(255) DEFAULT NULL,
  `name` varchar(255) DEFAULT NULL,
  `status` varchar(255) DEFAULT NULL,
  PRIMARY KEY (`id`)
) ENGINE=InnoDB AUTO_INCREMENT=6 DEFAULT CHARSET=utf8mb4 COLLATE=utf8mb4_0900_ai_ci;
/*!40101 SET character_set_client = @saved_cs_client */;

--
-- Dumping data for table `categories`
--

LOCK TABLES `categories` WRITE;
/*!40000 ALTER TABLE `categories` DISABLE KEYS */;
INSERT INTO `categories` VALUES (1,NULL,'buffet.png','Buffet','ACTIVE'),(2,NULL,'nuong.png','Grill','ACTIVE'),(3,NULL,'haisan.png','Seafood','ACTIVE'),(4,NULL,'monchay.png','Vegetarian dish','ACTIVE'),(5,NULL,'monchauau.png','European dishes','ACTIVE');
/*!40000 ALTER TABLE `categories` ENABLE KEYS */;
UNLOCK TABLES;

--
-- Table structure for table `comments`
--

DROP TABLE IF EXISTS `comments`;
/*!40101 SET @saved_cs_client     = @@character_set_client */;
/*!50503 SET character_set_client = utf8mb4 */;
CREATE TABLE `comments` (
  `id` int NOT NULL AUTO_INCREMENT,
  `content` text,
  `created_at` datetime(6) DEFAULT NULL,
  `email` varchar(255) DEFAULT NULL,
  `name` varchar(255) DEFAULT NULL,
  `phone` varchar(255) DEFAULT NULL,
  `status` varchar(255) DEFAULT 'APPROVED',
  `updated_at` datetime(6) DEFAULT NULL,
  `vote_number` int DEFAULT NULL,
  `restaurant_id` int DEFAULT NULL,
  `user_id` int DEFAULT NULL,
  PRIMARY KEY (`id`),
  KEY `FK1mg7fv8grmac9w8if19l3qxn` (`restaurant_id`),
  KEY `FK8omq0tc18jd43bu5tjh6jvraq` (`user_id`),
  CONSTRAINT `FK1mg7fv8grmac9w8if19l3qxn` FOREIGN KEY (`restaurant_id`) REFERENCES `restaurants` (`id`),
  CONSTRAINT `FK8omq0tc18jd43bu5tjh6jvraq` FOREIGN KEY (`user_id`) REFERENCES `users` (`id`)
) ENGINE=InnoDB AUTO_INCREMENT=4 DEFAULT CHARSET=utf8mb4 COLLATE=utf8mb4_0900_ai_ci;
/*!40101 SET character_set_client = @saved_cs_client */;

--
-- Dumping data for table `comments`
--

LOCK TABLES `comments` WRITE;
/*!40000 ALTER TABLE `comments` DISABLE KEYS */;
INSERT INTO `comments` VALUES (1,'ngon','2024-08-03 17:38:28.614000','trungvo.11062004@gmail.com','linh',NULL,'APPROVED','2024-08-03 17:38:28.727000',NULL,2,4),(2,'ngon\n','2024-08-03 23:23:41.272000','trungvo.11062004@gmail.com','linh',NULL,'APPROVED','2024-08-03 23:23:41.552000',NULL,20,4),(3,'hi','2024-08-05 12:36:43.538000','sinh@gmail.com','sinh',NULL,'APPROVED','2024-08-05 12:36:43.569000',NULL,19,31);
/*!40000 ALTER TABLE `comments` ENABLE KEYS */;
UNLOCK TABLES;

--
-- Table structure for table `locations`
--

DROP TABLE IF EXISTS `locations`;
/*!40101 SET @saved_cs_client     = @@character_set_client */;
/*!50503 SET character_set_client = utf8mb4 */;
CREATE TABLE `locations` (
  `id` int NOT NULL AUTO_INCREMENT,
  `name` varchar(255) DEFAULT NULL,
  PRIMARY KEY (`id`)
) ENGINE=InnoDB AUTO_INCREMENT=5 DEFAULT CHARSET=utf8mb4 COLLATE=utf8mb4_0900_ai_ci;
/*!40101 SET character_set_client = @saved_cs_client */;

--
-- Dumping data for table `locations`
--

LOCK TABLES `locations` WRITE;
/*!40000 ALTER TABLE `locations` DISABLE KEYS */;
INSERT INTO `locations` VALUES (1,'Ha Noi'),(2,'Ho Chi Minh'),(3,'Da Nang'),(4,'Can Tho');
/*!40000 ALTER TABLE `locations` ENABLE KEYS */;
UNLOCK TABLES;

--
-- Table structure for table `orders`
--

DROP TABLE IF EXISTS `orders`;
/*!40101 SET @saved_cs_client     = @@character_set_client */;
/*!50503 SET character_set_client = utf8mb4 */;
CREATE TABLE `orders` (
  `id` int NOT NULL AUTO_INCREMENT,
  `code` varchar(255) DEFAULT NULL,
  `created_at` datetime(6) DEFAULT NULL,
  `logo` varchar(255) DEFAULT NULL,
  `note` text,
  `payment_status` varchar(255) DEFAULT NULL,
  `payment_type` int DEFAULT NULL,
  `price` varchar(255) DEFAULT NULL,
  `quantity` int DEFAULT NULL,
  `receiver_address` text,
  `receiver_email` varchar(255) DEFAULT NULL,
  `receiver_name` varchar(255) DEFAULT NULL,
  `receiver_phone` varchar(255) DEFAULT NULL,
  `restaurant_id` int DEFAULT NULL,
  `restaurant_name` varchar(255) DEFAULT NULL,
  `status` varchar(255) DEFAULT NULL,
  `time_booking` datetime(6) DEFAULT NULL,
  `total_discount` float DEFAULT NULL,
  `total_price` varchar(255) DEFAULT NULL,
  `type` varchar(255) DEFAULT 'BOOKING',
  `updated_at` datetime(6) DEFAULT NULL,
  `user_id` int DEFAULT NULL,
  `discount` float DEFAULT NULL,
  PRIMARY KEY (`id`),
  KEY `FK32ql8ubntj5uh44ph9659tiih` (`user_id`),
  CONSTRAINT `FK32ql8ubntj5uh44ph9659tiih` FOREIGN KEY (`user_id`) REFERENCES `users` (`id`)
) ENGINE=InnoDB AUTO_INCREMENT=21 DEFAULT CHARSET=utf8mb4 COLLATE=utf8mb4_0900_ai_ci;
/*!40101 SET character_set_client = @saved_cs_client */;

--
-- Dumping data for table `orders`
--

LOCK TABLES `orders` WRITE;
/*!40000 ALTER TABLE `orders` DISABLE KEYS */;
INSERT INTO `orders` VALUES (14,'jWBhU81YrU','2024-08-04 16:06:08.091000','BuffetLiberty.jpg','','UNPAID',NULL,'50 - 100',2,NULL,'sinh@gmail.com','sinh','0987654321',1,'Liberty Level 9 – Pham Ngu Lao','APPROVED','2024-08-08 18:06:00.000000',NULL,'50 - 100','BOOKING','2024-08-04 16:06:08.091000',31,NULL),(15,'R1IaGPDpBk','2024-08-04 23:19:57.013000','chayphamnghiemtrai.webp',NULL,'UNPAID',NULL,'150 - 300',2,NULL,'nam@gmail.com','nam','0987654321',17,'Pham Nghiem Trai Vegetarian Restaurant Bongensai - Nguyen Trai','PENDING','2024-08-07 23:19:00.000000',NULL,'150 - 300','BOOKING','2024-08-04 23:19:57.013000',9,NULL),(16,'Ag6ll1q0XX','2024-08-04 23:21:09.192000','chayphamnghiemtrai.webp',NULL,'UNPAID',NULL,'150 - 300',6,NULL,'nam@gmail.com','nam','1234567890',17,'Pham Nghiem Trai Vegetarian Restaurant Bongensai - Nguyen Trai','PENDING','2024-08-21 13:20:00.000000',NULL,'150 - 300','BOOKING','2024-08-04 23:21:09.192000',9,NULL),(17,'6PydnaumUJ','2024-08-05 00:09:36.147000','chayphamnghiemtrai.webp',NULL,'UNPAID',NULL,'150 - 300',3,NULL,'trungvo.11062004@gmail.com','linh','123456789',17,'Pham Nghiem Trai Vegetarian Restaurant Bongensai - Nguyen Trai','PENDING','2024-08-06 01:09:00.000000',NULL,'150 - 300','BOOKING','2024-08-05 00:09:36.147000',4,25),(18,'0DrWzxnH2N','2024-08-05 19:09:19.520000','latabledesaigon.webp',NULL,'UNPAID',NULL,'100 - 200',2,NULL,'nam@gmail.com','nam','0987654321',18,'La Table De Saigon – Pham Ngu Lao','PENDING','2024-08-06 22:00:00.000000',NULL,'100 - 200','BOOKING','2024-08-05 19:09:19.520000',9,15),(19,'jvJgsWLjHG','2024-08-05 00:20:02.514000','BuffetLiberty.jpg',NULL,'UNPAID',NULL,'50 - 100',2,NULL,'vocam926@gmail.com','Cẩm','123456789',1,'Liberty Level 9 – Pham Ngu Lao','PENDING','2024-08-07 14:19:00.000000',NULL,'50 - 100','BOOKING','2024-08-05 00:20:02.514000',6,NULL),(20,'ipCtFAcLK2','2024-08-05 16:16:08.864000','http://172.16.1.239:3013/images/buzaabbq.webp',NULL,'UNPAID',NULL,'300 - 500',1,NULL,'ly@gmail.com','Trúc Ly','123456789',19,'Buzza BBQ - Korean Grill - Nowzone, District 1','PENDING','2024-08-06 16:16:00.000000',NULL,'300 - 500','BOOKING','2024-08-05 16:16:08.884000',27,15);
/*!40000 ALTER TABLE `orders` ENABLE KEYS */;
UNLOCK TABLES;

--
-- Table structure for table `restaurant_categories`
--

DROP TABLE IF EXISTS `restaurant_categories`;
/*!40101 SET @saved_cs_client     = @@character_set_client */;
/*!50503 SET character_set_client = utf8mb4 */;
CREATE TABLE `restaurant_categories` (
  `id` int NOT NULL AUTO_INCREMENT,
  `category_id` int DEFAULT NULL,
  `restaurant_id` int DEFAULT NULL,
  PRIMARY KEY (`id`),
  KEY `FK4kg1d5bcfdt8fn2qh16ptrnfm` (`category_id`),
  KEY `FKiq9qlrhc1dciym7ai5m4bva27` (`restaurant_id`),
  CONSTRAINT `FK4kg1d5bcfdt8fn2qh16ptrnfm` FOREIGN KEY (`category_id`) REFERENCES `categories` (`id`),
  CONSTRAINT `FKiq9qlrhc1dciym7ai5m4bva27` FOREIGN KEY (`restaurant_id`) REFERENCES `restaurants` (`id`)
) ENGINE=InnoDB AUTO_INCREMENT=323 DEFAULT CHARSET=utf8mb4 COLLATE=utf8mb4_0900_ai_ci;
/*!40101 SET character_set_client = @saved_cs_client */;

--
-- Dumping data for table `restaurant_categories`
--

LOCK TABLES `restaurant_categories` WRITE;
/*!40000 ALTER TABLE `restaurant_categories` DISABLE KEYS */;
INSERT INTO `restaurant_categories` VALUES (224,1,1),(225,2,1),(226,1,2),(227,3,2),(228,4,3),(229,1,4),(230,5,5),(231,5,6),(232,3,8),(233,4,9),(234,3,10),(235,2,11),(236,1,12),(237,2,12),(239,1,14),(240,3,14),(241,4,15),(244,1,17),(245,4,17),(246,1,18),(247,4,18),(291,1,13),(293,1,16),(294,2,16),(302,2,23),(313,1,19),(314,2,19),(319,1,20),(320,3,20),(321,3,7),(322,5,7);
/*!40000 ALTER TABLE `restaurant_categories` ENABLE KEYS */;
UNLOCK TABLES;

--
-- Table structure for table `restaurant_utilities`
--

DROP TABLE IF EXISTS `restaurant_utilities`;
/*!40101 SET @saved_cs_client     = @@character_set_client */;
/*!50503 SET character_set_client = utf8mb4 */;
CREATE TABLE `restaurant_utilities` (
  `restaurant_id` int NOT NULL,
  `utilities` varchar(255) DEFAULT NULL,
  `utility` varchar(255) DEFAULT NULL,
  KEY `FK2puj7xudhigseew46035t1w0f` (`restaurant_id`),
  CONSTRAINT `FK2puj7xudhigseew46035t1w0f` FOREIGN KEY (`restaurant_id`) REFERENCES `restaurants` (`id`)
) ENGINE=InnoDB DEFAULT CHARSET=utf8mb4 COLLATE=utf8mb4_0900_ai_ci;
/*!40101 SET character_set_client = @saved_cs_client */;

--
-- Dumping data for table `restaurant_utilities`
--

LOCK TABLES `restaurant_utilities` WRITE;
/*!40000 ALTER TABLE `restaurant_utilities` DISABLE KEYS */;
INSERT INTO `restaurant_utilities` VALUES (19,'Direct invoice',NULL),(19,'Smoking area',NULL),(7,'Projector',NULL),(7,'Visa Master card',NULL),(7,'Private room',NULL),(7,'Smoking area',NULL),(7,'Karaoke',NULL),(7,'Cash payment',NULL),(7,'Children chair',NULL),(7,'Air conditioner',NULL),(7,'Set lunch',NULL),(7,'Football K+',NULL),(7,'Event decoration',NULL),(7,'Direct invoice',NULL),(7,'Sound light',NULL),(7,'Outdoor table',NULL),(7,'VAT invoice',NULL),(7,'Wifi',NULL),(7,'Car park',NULL),(1,'Visa Master card',NULL),(1,'Direct invoice',NULL),(1,'Smoking area',NULL),(1,'Karaoke',NULL),(1,'Children play area',NULL),(1,'Cash payment',NULL),(1,'Outdoor table',NULL),(1,'VAT invoice',NULL),(1,'Car park',NULL),(1,'MC program',NULL),(1,'Children chair',NULL),(1,'Air conditioner',NULL),(2,'Event decoration',NULL),(2,'Direct invoice',NULL),(2,'Smoking area',NULL),(2,'Cash payment',NULL),(2,'Children chair',NULL),(2,'Air conditioner',NULL),(3,'Projector',NULL),(3,'Visa Master card',NULL),(3,'Direct invoice',NULL),(3,'Wifi',NULL),(3,'Children chair',NULL),(3,'Air conditioner',NULL),(4,'Visa Master card',NULL),(4,'Direct invoice',NULL),(4,'Smoking area',NULL),(4,'Cash payment',NULL),(4,'Car park',NULL),(4,'MC program',NULL),(4,'Children chair',NULL),(4,'Air conditioner',NULL),(5,'Direct invoice',NULL),(5,'Cash payment',NULL),(5,'Children chair',NULL),(6,'Direct invoice',NULL),(6,'Children chair',NULL),(8,'Smoking area',NULL),(8,'Children chair',NULL),(9,'Karaoke',NULL),(9,'Cash payment',NULL),(10,'Direct invoice',NULL),(10,'Smoking area',NULL),(10,'Cash payment',NULL),(10,'Car park',NULL),(11,'Car park',NULL),(11,'Air conditioner',NULL),(12,'Smoking area',NULL),(13,'Direct invoice',NULL),(13,'Cash payment',NULL),(14,'Direct invoice',NULL),(14,'Cash payment',NULL),(15,'Outdoor table',NULL),(16,'Projector',NULL),(16,'Visa Master card',NULL),(16,'Direct invoice',NULL),(16,'Sound light',NULL),(16,'Smoking area',NULL),(16,'Cash payment',NULL),(16,'VAT invoice',NULL),(16,'Wifi',NULL),(16,'Children chair',NULL),(16,'Air conditioner',NULL),(17,'Set lunch',NULL),(17,'Visa Master card',NULL),(17,'Football K+',NULL),(17,'Direct invoice',NULL),(17,'Smoking area',NULL),(17,'Karaoke',NULL),(17,'VAT invoice',NULL),(17,'Car park',NULL),(17,'MC program',NULL),(17,'Children chair',NULL),(17,'Air conditioner',NULL),(18,'Direct invoice',NULL),(18,'Cash payment',NULL),(20,'Visa Master card',NULL),(20,'Direct invoice',NULL),(20,'Cash payment',NULL),(20,'Children chair',NULL),(20,'Air conditioner',NULL),(23,'Direct invoice',NULL),(23,'Children chair',NULL),(23,'Air conditioner',NULL),(23,'Outdoor table',NULL);
/*!40000 ALTER TABLE `restaurant_utilities` ENABLE KEYS */;
UNLOCK TABLES;

--
-- Table structure for table `restaurants`
--

DROP TABLE IF EXISTS `restaurants`;
/*!40101 SET @saved_cs_client     = @@character_set_client */;
/*!50503 SET character_set_client = utf8mb4 */;
CREATE TABLE `restaurants` (
  `id` int NOT NULL AUTO_INCREMENT,
  `address` text,
  `content` text,
  `created_at` datetime(6) DEFAULT NULL,
  `email` varchar(255) DEFAULT NULL,
  `end_date` date DEFAULT NULL,
  `hot` varchar(255) DEFAULT NULL,
  `hot_discount` varchar(255) DEFAULT NULL,
  `logo` varchar(255) DEFAULT NULL,
  `name` varchar(255) DEFAULT NULL,
  `note` text,
  `phone` varchar(255) DEFAULT NULL,
  `price` varchar(255) DEFAULT NULL,
  `quantity` int DEFAULT NULL,
  `start_date` date DEFAULT NULL,
  `status` varchar(255) DEFAULT 'PENDING',
  `type` varchar(255) DEFAULT 'REGISTER',
  `updated_at` datetime(6) DEFAULT NULL,
  `user_id` int DEFAULT NULL,
  `images` longtext,
  `discount` float DEFAULT NULL,
  `location_id` int DEFAULT NULL,
  `map` varchar(255) DEFAULT NULL,
  `utilities` varchar(255) DEFAULT NULL,
  `work_time_close` varchar(255) DEFAULT NULL,
  `work_time_open` varchar(255) DEFAULT NULL,
  `fit` varchar(555) DEFAULT NULL,
  `space` varchar(555) DEFAULT NULL,
  `bring_in_fee_regulation` varchar(1255) DEFAULT NULL,
  `deposit_regulation` varchar(1255) DEFAULT NULL,
  `discount_regulation` varchar(1255) DEFAULT NULL,
  `feature` varchar(1255) DEFAULT NULL,
  `hold_time_regulation` varchar(1255) DEFAULT NULL,
  `invoice_regulation` varchar(1255) DEFAULT NULL,
  `minimum_guests_regulation` varchar(1255) DEFAULT NULL,
  `parking` varchar(555) DEFAULT NULL,
  `pasgo_time_regulation` varchar(555) DEFAULT NULL,
  `reservation_time_regulation` varchar(555) DEFAULT NULL,
  `service_fee_regulation` varchar(555) DEFAULT NULL,
  `special_dish` varchar(555) DEFAULT NULL,
  `user_service_id` int DEFAULT NULL,
  `latitude` double NOT NULL,
  `longitude` double NOT NULL,
  `description` text,
  PRIMARY KEY (`id`),
  KEY `FK18q23rj2s35r80ot3oag4ivo6` (`user_id`),
  KEY `FK4yrawo6eulwjhc58gt5ndl5k4` (`location_id`),
  KEY `FKkoa01s3ukbt68uxgg09wfeewr` (`user_service_id`),
  CONSTRAINT `FK18q23rj2s35r80ot3oag4ivo6` FOREIGN KEY (`user_id`) REFERENCES `users` (`id`),
  CONSTRAINT `FK4yrawo6eulwjhc58gt5ndl5k4` FOREIGN KEY (`location_id`) REFERENCES `locations` (`id`),
  CONSTRAINT `FKkoa01s3ukbt68uxgg09wfeewr` FOREIGN KEY (`user_service_id`) REFERENCES `users_services` (`id`)
) ENGINE=InnoDB AUTO_INCREMENT=24 DEFAULT CHARSET=utf8mb4 COLLATE=utf8mb4_0900_ai_ci;
/*!40101 SET character_set_client = @saved_cs_client */;

--
-- Dumping data for table `restaurants`
--

LOCK TABLES `restaurants` WRITE;
/*!40000 ALTER TABLE `restaurants` DISABLE KEYS */;
INSERT INTO `restaurants` VALUES (1,'9th Floor, No. 265 Pham Ngu Lao, Pham Ngu Lao Ward, District 1',NULL,NULL,'liberty@gmail.com',NULL,NULL,'DEFAULT','BuffetLiberty.jpg','Liberty Level 9 – Pham Ngu Lao','','0987654321','50 - 100',99,NULL,'ACTIVE','RESTAURANT','2024-08-03 14:18:14.265000',2,'[]',NULL,2,NULL,NULL,'21:00','14:00','Content is updating!','Content is updating!','Content is updating!','Content is updating!','Content is updating!','Content is updating!','Content is updating!','Content is updating!','Content is updating!','Content is updating!','Content is updating!','Content is updating!','Content is updating!','Content is updating!',NULL,0,0,NULL),(2,'4th Floor, Bitexco Financial Tower, 45 Ngo Duc Ke, Ben Nghe Ward, District 1',NULL,NULL,'cuvanlong@gmail.com',NULL,NULL,'DEFAULT','BuffetCuuVanLong.jpg','Buffet Cuu Van Long Premium - Bitexco Financial','','0987654321','100 - 300',99,NULL,'ACTIVE','RESTAURANT','2024-08-03 14:19:49.245000',3,'[]',NULL,2,NULL,NULL,'17:00','10:00','Content is updating!','Content is updating!','Content is updating!','Content is updating!','Content is updating!','Content is updating!','Content is updating!','Content is updating!','Content is updating!','Content is updating!','Content is updating!','Content is updating!','Content is updating!','Content is updating!',NULL,0,0,NULL),(3,'110 Suong Nguyet Anh, Pham Ngu Lao Ward, District 1',NULL,NULL,'vique@gmail.com',NULL,NULL,'DEFAULT','ViQueKitchen.jpg','Vi Que Kitchen - Suong Nguyet Anh','','0987654321','200 - 400',99,NULL,'ACTIVE','RESTAURANT','2024-08-03 14:38:57.943000',5,'[]',NULL,3,NULL,NULL,'14:00','12:00','Office customers, Family, friends,...','- Modern, cozy space</br>- Capacity: 120 guests</br>- Ground floor: 30 guests</br>- 1st floor: 90 guests','Content is updating!','Content is updating!','Content is updating!','- Vi Que Kitchen is a kitchen \"like your hometown\" and a restaurant \"modern but preserving the old things\". You will be taken care of with familiar dishes from the regions of Vietnam, cooked from fresh vegetables and fruits, a 100% pure plant-based meal that springs from the earth. Along with Jazz music in a modern and old space, we believe you will feel extremely comfortable.','Content is updating!','Content is updating!','Content is updating!','- Car: Park opposite the restaurant (50,000 VND/time)</br>- Motorbike: Park in front of the restaurant (Free)','Content is updating!','Content is updating!','Content is updating!','Square spring rolls, Crispy tray, Pancakes, Fermented bean curd hotpot, Countryside salad, Salted oyster mushrooms, Broken rice, Mushroom stems with tarte sauce,...',NULL,0,0,NULL),(4,'51-53 Nguyen Thi Thap, Floors 3 - 4, Tan Hung Ward, District 7',NULL,NULL,'bbq@gmail.com',NULL,NULL,'DEFAULT','BuzzaBBQ.jpg','Buzza BBQ Premium- Nguyen Thi Thap','','0987654321','100 - 300',200,NULL,'ACTIVE','RESTAURANT','2024-08-03 14:41:21.814000',6,'[]',NULL,1,NULL,NULL,'17:00','10:00','Content is updating!','Content is updating!','Content is updating!','Content is updating!','Content is updating!','Content is updating!','Content is updating!','Content is updating!','Content is updating!','Content is updating!','Content is updating!','Content is updating!','Content is updating!','Content is updating!',NULL,0,0,NULL),(5,'174A Nguyen Dinh Chieu, Ward 6, District 3',NULL,NULL,'stix@gmail.com',NULL,NULL,'DEFAULT','stix.webp','Stix - Corner of Le Quy Don and Nguyen Dinh Chieu','','0987654321','199 - 299',199,NULL,'ACTIVE','RESTAURANT','2024-08-03 14:42:04.761000',7,'[]',NULL,4,NULL,NULL,'22:00','15:00','Content is updating!','Content is updating!','Content is updating!','Content is updating!','Content is updating!','Content is updating!','Content is updating!','Content is updating!','Content is updating!','Content is updating!','Content is updating!','Content is updating!','Content is updating!','Content is updating!',NULL,0,0,NULL),(6,'No. 51-53 Bui Thi Xuan Street, Ben Thanh Ward, District 1',NULL,NULL,'wann@gmail.com',NULL,NULL,'HOT','TheWann.jpg','The Wann - Bui Thi Xuan','','0987654321','199 - 399',299,NULL,'ACTIVE','RESTAURANT','2024-08-03 14:43:09.636000',8,'[]',27,2,NULL,NULL,'22:00','13:00','Content is updating!','Content is updating!','Content is updating!','Content is updating!','Content is updating!','Content is updating!','Content is updating!','Content is updating!','Content is updating!','Content is updating!','Content is updating!','Content is updating!','Content is updating!','Content is updating!',NULL,0,0,NULL),(7,'6th Floor, Cantavil Premier Building, No. 1 Song Hanh, Hanoi Highway, An Phu Ward, District 2',NULL,NULL,'anphu@gmail.com',NULL,NULL,'DEFAULT','DMarisAnPhu.jpg','D\'Maris - An Phu','','0987654322','100 - 400',199,NULL,'ACTIVE','RESTAURANT','2024-08-07 15:10:43.136000',9,'[\"menu-nghiêm-trai-1.jpg\",\"menu-nghiêm-trai-2.jpg\",\"menu-nghiêm-trai-3.jpg\",\"menu-nghiêm-trai-4.jpg\",\"menu-nghiêm-trai-5.jpg\",\"menu-nghiêm-trai-6.jpg\"]',NULL,NULL,NULL,NULL,'21:30','14:30','Book parties, festivals, family, friends, birthdays...</br>Hi','- European style, luxury</br>- Capacity: 1000 guests</br>-Private room: 10-150 guests','Not specified','Content is updating!','- Offer applies every day of the year.</br>-Offer cannot be used in conjunction with other promotions at the Restaurant.</br>-Hi','Content is updating','- Maximum restaurant holding time:  30  minutes.','-  VAT invoice:  The restaurant always collects VAT according to current law.</br>- Direct invoice:  The restaurant does not issue direct invoices.','Not specified','Content is updating','Content is updating!','- Minimum booking time:  120  minutes .','- Private room fee:  Free</br>- Note: Private room accepts minimum 10 people','Steak, Seafood, Sushi, Bakery…',NULL,0,0,NULL),(8,'3rd Floor, Lotte Mart Shopping Center, No. 469 Nguyen Huu Tho Street, Tan Hung Ward, District 7',NULL,NULL,'dmaricq7@gmail.com',NULL,NULL,'HOT','DMarisQ7.jpg','D\'Maris - Lotte Mart District 7','','0987654321`','399 - 599',200,NULL,'ACTIVE','RESTAURANT','2024-08-03 14:43:38.476000',10,'[]',15,1,NULL,NULL,'17:00','10:00','Content is updating!','Content is updating!','Content is updating!','Content is updating!','Content is updating!','Content is updating!','Content is updating!','Content is updating!','Content is updating!','Content is updating!','Content is updating!','Content is updating!','Content is updating!','Content is updating!',NULL,0,0,NULL),(9,'8 Luong Huu Khanh, Pham Ngu Lao Ward, District 1',NULL,NULL,'shati@gmail.com',NULL,NULL,'HOT','ChayShantiVeggie.jpg','Shanti Veggie - Luong Huu Khanh','','0987654321','99 - 199',123,NULL,'ACTIVE','RESTAURANT','2024-08-03 14:44:39.248000',11,'[]',35,3,NULL,NULL,'18:00','10:00','Content is updating!','Content is updating!','Content is updating!','Content is updating!','Content is updating!','Content is updating!','Content is updating!','Content is updating!','Content is updating!','Content is updating!','Content is updating!','Content is updating!','Content is updating!','Content is updating!',NULL,0,0,NULL),(10,'2nd Floor, No. 149 Nguyen Dinh Chieu, Ward Vo Thi Sau, District 3',NULL,NULL,'chiyoda@gmail.com',NULL,NULL,'HOT','ChiyodaSushi.jpg','Chiyoda Sushi - Saigon Court','','0987654321','399 - 499',199,NULL,'ACTIVE','RESTAURANT','2024-08-03 14:45:21.918000',12,'[]',10,2,NULL,NULL,'15:00','10:00','Content is updating!','Content is updating!','Content is updating!','Content is updating!','Content is updating!','Content is updating!','Content is updating!','Content is updating!','Content is updating!','Content is updating!','Content is updating!','Content is updating!','Content is updating!','Content is updating!',NULL,0,0,NULL),(11,'No. 115 - 117 Nguyen Trai, Ben Thanh Ward, District 1',NULL,NULL,'an@gmail.com',NULL,NULL,'HOT','anti.jpg','Anrakutei Premium - Nguyen Trai','','0987654321','199 - 299',122,NULL,'ACTIVE','RESTAURANT','2024-08-03 14:45:59.009000',13,'[]',10,2,NULL,NULL,'23:00','17:00','Content is updating!','Content is updating!','Content is updating!','Content is updating!','Content is updating!','Content is updating!','Content is updating!','Content is updating!','Content is updating!','Content is updating!','Content is updating!','Content is updating!','Content is updating!','Content is updating!',NULL,0,0,NULL),(12,'1st Floor, No. 131 Hoang Hoa Tham, Ward 13, Tan Binh District',NULL,NULL,'queen@gmail.com',NULL,NULL,'HOT','QueenBBQBuffet.jpg','Queen BBQ Buffet - Hoàng Hoa Thám','','0987654321','199 - 299',123,NULL,'ACTIVE','RESTAURANT','2024-08-03 14:46:25.142000',21,'[]',10,2,NULL,NULL,'23:00','14:00','Content is updating!','Content is updating!','Content is updating!','Content is updating!','Content is updating!','Content is updating!','Content is updating!','Content is updating!','Content is updating!','Content is updating!','Content is updating!','Content is updating!','Content is updating!','Content is updating!',NULL,0,0,NULL),(13,'No. 24 Ba Huyen Thanh Quan Street, Ward 6, District 3, Ho Chi Minh City',NULL,NULL,'koh@gmail.com',NULL,NULL,'HOT','buffetbahuyenthanhquan.webp','Koh Yam Thai Kitchen - Ba Huyen Thanh Quan','','0987654321','399 - 499',255,NULL,'ACTIVE','RESTAURANT','2024-08-06 21:55:38.830000',22,'[\"LobsterBayMenu.jpg\",\"LobsterBayMenu1.jpg\",\"LobsterBayMenu2.jpg\",\"LobsterBayMenu3.jpg\"]',35,2,NULL,NULL,'00:00','09:00','Content is updating!','Content is updating!','Content is updating!','Content is updating!','Content is updating!','Content is updating!','Content is updating!','Content is updating!','Content is updating!','Content is updating!','Content is updating!','Content is updating!','Content is updating!','Content is updating!',NULL,0,0,NULL),(14,'No. 69A Cao Thang Street, Ward 3, District 3',NULL,NULL,'ichihana@gmail.com',NULL,NULL,'HOT','ichihana.webp','Ichihana Sushi – Cao Thang','','0987654321','500 - 600',123,NULL,'ACTIVE','RESTAURANT','2024-08-03 14:47:29.793000',23,'[]',15,2,NULL,NULL,'14:00','09:00','Content is updating!','Content is updating!','Content is updating!','Content is updating!','Content is updating!','Content is updating!','Content is updating!','Content is updating!','Content is updating!','Content is updating!','Content is updating!','Content is updating!','Content is updating!','Content is updating!',NULL,0,0,NULL),(15,'No. 52 Vo Van Tan, Ward Vo Thi Sau, District 3',NULL,NULL,'chaygarden@gmail.com',NULL,NULL,'HOT','chaygarden.webp','Chay Garden Vegetarian Restaurant & Coffee – Vo Van Tan','','0987654321','100 - 200',199,NULL,'ACTIVE','RESTAURANT','2024-08-03 14:47:56.796000',24,'[]',15,2,NULL,NULL,'17:00','21:00','Content is updating!','Content is updating!','Content is updating!','Content is updating!','Content is updating!','Content is updating!','Content is updating!','Content is updating!','Content is updating!','Content is updating!','Content is updating!','Content is updating!','Content is updating!','Content is updating!',NULL,0,0,NULL),(16,'12 Le Quy Don, Ward Vo Thi Sau, District 3',NULL,NULL,'yakimono@gmail.com',NULL,NULL,'HOT','yakimono.webp','Yakimono - Le Quy Don','','0987654321','600 - 900',123,NULL,'ACTIVE','RESTAURANT','2024-08-06 22:44:30.611000',25,'[\"LobsterBayMenu.jpg\",\"LobsterBayMenu1.jpg\",\"LobsterBayMenu2.jpg\",\"LobsterBayMenu3.jpg\"]',5,2,NULL,NULL,'23:00','17:00','Gathering, party, birthday, family, friends...','- Modern\r\n- Capacity: 156 guests\r\n- 1st floor: 70 guests\r\n- 2nd floor: 86 guests','Content is updating!','- Groups of  20  adults  or more require a deposit, please contact us for details.','- Offer does not apply on the following days:  January (1st);  February (14th); March  (8th);  April ( 30th);  May (1st); June (1st);  September (2nd); October (20th); December  ( 23rd, 24th, 31st) &  10th of the 3rd lunar month; Lunar New Year  (From 1st to 6th of the 1st lunar month).\r\n- Offer cannot be used in conjunction with other promotions at the Restaurant.','Belonging to the Yakimono restaurant chain specializing in Japanese hot pot and grill buffet, operating with the motto for customers: \"The right to eat delicious, cheap, healthy Japanese food\".','- Maximum restaurant holding time:  15  minutes','-  VAT invoice:  The restaurant always collects 8% VAT on food and 10% on drinks.\r\n- Direct invoice:  The restaurant issues direct invoices, please contact us for details.','- Minimum number of guests per booking: From  02  adults or more','- Motorbike, car: Park in front of the restaurant (Free)','- The restaurant always accepts PasGo guests.','- Note:  Please make a reservation at least 30 minutes in advance for the best service.','- Information is being updated, please contact us for details.','American beef belly rolled with mushrooms, Japanese pancakes, Grilled Australian beef shoulder with Japanese sauce, Grilled American beef ribs with Yakimono, Grilled octopus with green chili sauce...',NULL,0,0,NULL),(17,'199 Nguyen Trai, Nguyen Cu Trinh Ward, District 1',NULL,NULL,'chayphamnghiem@gmail.com',NULL,NULL,'HOT','chayphamnghiemtrai.webp','Pham Nghiem Trai Vegetarian Restaurant Bongensai - Nguyen Trai','','0987654321','150 - 300',200,NULL,'ACTIVE','RESTAURANT','2024-08-03 14:56:14.360000',26,'[\"menu-nghiêm-trai-1.jpg\",\"menu-nghiêm-trai-2.jpg\",\"menu-nghiêm-trai-3.jpg\",\"menu-nghiêm-trai-4.jpg\",\"menu-nghiêm-trai-5.jpg\",\"menu-nghiêm-trai-6.jpg\"]',25,1,NULL,NULL,'17:00','00:00','Office customers, friends, family,...','- Buddhist and Japanese style space</br>- Capacity: 50 guests','- Customers are not allowed to bring food or drinks from outside.','- Groups of 15 adults or more or  pre-order  : deposit  20%  of estimated bill value.','- Offer is valid every day of the year.</br>-  Offer cannot be used in conjunction with other promotions at the Restaurant.','- Pham Nghiem Trai - Bongensai is a vegetarian restaurant, tea ceremony, combined with a visit to the space of the Museum of Ancient Buddhist Statues.','- Maximum restaurant holding time:  60  minutes.','-  VAT invoice:  The restaurant does not issue VAT invoices.</br>- Direct invoice:  The restaurant does not issue direct invoices.','Content is updating!','- Car, Motorbike: Parking in front of the restaurant (Free)','- The restaurant always accepts PasGo guests.','- Note:  Please make a reservation at least  20  minutes in advance for the best service.','Content is updating!','Rose Lotus Salad, Rocket Salad, Cucumber Noodles, Red Seaweed Sashimi, Red Fish Rolls, Japanese Pancakes, Spicy Ramen, Mushroom Hotpot,.... ',NULL,0,0,NULL),(18,'No. 185/26 Pham Ngu Lao, Pham Ngu Lao Ward, District 1',NULL,NULL,'latable@gmail.com',NULL,NULL,'HOT','latabledesaigon.webp','La Table De Saigon – Pham Ngu Lao','','0987654321','100 - 200',123,NULL,'ACTIVE','RESTAURANT','2024-08-03 14:57:50.569000',27,'[\"menu-nghiêm-trai-1.jpg\",\"menu-nghiêm-trai-2.jpg\",\"menu-nghiêm-trai-3.jpg\",\"menu-nghiêm-trai-4.jpg\",\"menu-nghiêm-trai-5.jpg\",\"menu-nghiêm-trai-6.jpg\"]',15,4,NULL,NULL,'22:00','13:00','Content is updating!','Content is updating!','Content is updating!','Content is updating!','Content is updating!','Content is updating!','Content is updating!','Content is updating!','Content is updating!','Content is updating!','Content is updating!','Content is updating!','Content is updating!','Content is updating!',NULL,0,0,NULL),(19,'4th Floor, Nowzone Shopping Center, 235 Nguyen Van Cu Street, Nguyen Cu Trinh Ward, District 1',NULL,NULL,'buzaabbq@gmail.com',NULL,NULL,'HOT','buzaabbq.webp','Buzza BBQ - Korean Grill - Nowzone, District 1','','0987654321','300 - 500',234,NULL,'ACTIVE','RESTAURANT','2024-08-07 02:16:55.643000',28,'[]',15,3,NULL,NULL,'21:00','11:00','Gatherings, parties, birthdays, family, friends...','- Modern\r\n- Capacity: 350 guests','- Customers are not allowed to bring food or drinks from outside.','- Groups of  20 adults or more  or  pre-order , deposit  30%  of estimated bill value.','- Promotion not applicable on: January (Day 1); February (From 7-20); March (Day 8); April (Day 29, 30); May (Day 1, 2); June (Day 1); September (Day 1, 2, 3, 4); October (Day 20); November (Day 20); December (Day 24, 25, 31) & 10/3 Lunar calendar','Korean BBQ Hotpot Buffet Restaurant. Quality ingredients, modern, cozy space and typical of the land of Kim Chi.','- Maximum restaurant holding time:  15  minutes.','-  VAT invoice:  The restaurant always collects VAT according to current law.\r\n- Direct invoice:  The restaurant does not issue direct invoices.','Content is updating!','- Car: Shopping mall parking lot (Fee depends on parking unit)\r\n- Motorbike: Shopping mall parking lot (Fee depends on the parking unit)','- The restaurant always accepts PasGo guests.','- Reservation time: at least 30 minutes','Content is updating!','Special beef, Pork belly, Beef belly, Kimchi hotpot, Seaweed soup, Crayfish, Beef vermicelli...',NULL,0,0,NULL),(20,'8th & 9th Floor, No. 102 -104 -106 Le Thi Hong Gam, District 1',NULL,NULL,'mrlucky@gmail.com',NULL,NULL,'HOT','Mr.Lucky.jpg','Mr.Lucky Steak Buffet & Sky Beer Club - Le Thi Hong Gam','','0987654321','600 - 800',234,NULL,'PENDING','RESTAURANT','2024-08-07 02:18:56.935000',29,'[\"top9quanbuncha.jpg\",\"top10Buffet.jpg\"]',10,4,NULL,NULL,'14:00','08:00','Content is updating!','Content is updating!','Content is updating!','Content is updating!','Content is updating!','Content is updating!','Content is updating!','Content is updating!','Content is updating!','Content is updating!','Content is updating!','Content is updating!','Content is updating!','Content is updating!',NULL,0,0,NULL),(23,'No. 43-45 Nguyen Thi Thap, Tan Hung Ward, Him Lam Residential Area, District 7',NULL,NULL,'a@gmail.com',NULL,NULL,'DEFAULT','boto.jpg','Beef Quan Moc','ok','123456789','220- 300',123,NULL,'REJECTED','RESTAURANT','2024-08-07 01:52:54.862000',31,'[]',NULL,2,NULL,NULL,'22:00','17:00','Office, family, friends, parties, birthdays....','- Modern, cozy space\r\n- Capacity: 120 guests\r\n- Ground floor: 40 guests\r\n- 1st floor: 40 guests\r\n- 2nd floor: 40 guests (Outdoor table)\r\n- Private rooms: 03 rooms (10 guests/room)','Content is updating!','- Information is being updated, please contact for details.','- Promotion does not apply on the following days:  January (1st); February (14th); March (8th); April (30th); May (1st); June (1st); September (2nd); October (20th); November (20th); December (24th, 25th, 31st) & 10th of the 3rd lunar month\r\n- Offer cannot be used in conjunction with other promotions at the Restaurant.','The restaurant specializes in soft, sweet, young, clean BEEF SPECIALTIES... bringing complete culinary experiences in the bustling old town space.','Content is updating!','Content is updating!','Content is updating!','- Car: Parking in front of the restaurant (Free)\r\n- Motorbike: Park in front of the restaurant (Free)','Content is updating!','Content is updating!','Content is updating!','Beef Rolls with Rice Paper, Crispy Fried Beef Sausage, Garlic Fried Beef, Moc Chau Fried Veal, Special Beef Hotpot, Fresh Beef Salad with Royal Vegetables, Hoa Diem Son Beef with Grilled Beef.',NULL,0,0,NULL);
/*!40000 ALTER TABLE `restaurants` ENABLE KEYS */;
UNLOCK TABLES;

--
-- Table structure for table `slides`
--

DROP TABLE IF EXISTS `slides`;
/*!40101 SET @saved_cs_client     = @@character_set_client */;
/*!50503 SET character_set_client = utf8mb4 */;
CREATE TABLE `slides` (
  `id` int NOT NULL AUTO_INCREMENT,
  `image` varchar(255) DEFAULT NULL,
  `name` varchar(255) DEFAULT NULL,
  `status` varchar(255) DEFAULT NULL,
  PRIMARY KEY (`id`)
) ENGINE=InnoDB DEFAULT CHARSET=utf8mb4 COLLATE=utf8mb4_0900_ai_ci;
/*!40101 SET character_set_client = @saved_cs_client */;

--
-- Dumping data for table `slides`
--

LOCK TABLES `slides` WRITE;
/*!40000 ALTER TABLE `slides` DISABLE KEYS */;
/*!40000 ALTER TABLE `slides` ENABLE KEYS */;
UNLOCK TABLES;

--
-- Table structure for table `transaction_entity`
--

DROP TABLE IF EXISTS `transaction_entity`;
/*!40101 SET @saved_cs_client     = @@character_set_client */;
/*!50503 SET character_set_client = utf8mb4 */;
CREATE TABLE `transaction_entity` (
  `id` int NOT NULL AUTO_INCREMENT,
  `image` varchar(255) DEFAULT NULL,
  `price` float DEFAULT NULL,
  `restaurant_name` varchar(255) DEFAULT NULL,
  `quantity` int DEFAULT NULL,
  `total_price` float DEFAULT NULL,
  `order_id` int DEFAULT NULL,
  PRIMARY KEY (`id`),
  KEY `FK5yrgqfodbqw7e6ajph9b7t2wc` (`order_id`),
  CONSTRAINT `FK5yrgqfodbqw7e6ajph9b7t2wc` FOREIGN KEY (`order_id`) REFERENCES `orders` (`id`)
) ENGINE=InnoDB DEFAULT CHARSET=utf8mb4 COLLATE=utf8mb4_0900_ai_ci;
/*!40101 SET character_set_client = @saved_cs_client */;

--
-- Dumping data for table `transaction_entity`
--

LOCK TABLES `transaction_entity` WRITE;
/*!40000 ALTER TABLE `transaction_entity` DISABLE KEYS */;
/*!40000 ALTER TABLE `transaction_entity` ENABLE KEYS */;
UNLOCK TABLES;

--
-- Table structure for table `users`
--

DROP TABLE IF EXISTS `users`;
/*!40101 SET @saved_cs_client     = @@character_set_client */;
/*!50503 SET character_set_client = utf8mb4 */;
CREATE TABLE `users` (
  `id` int NOT NULL AUTO_INCREMENT,
  `access_token` varchar(255) DEFAULT NULL,
  `address` varchar(255) DEFAULT NULL,
  `avatar` varchar(255) DEFAULT NULL,
  `created_at` datetime(6) DEFAULT NULL,
  `dob` date DEFAULT NULL,
  `email` varchar(255) DEFAULT NULL,
  `gender` varchar(255) DEFAULT NULL,
  `name` varchar(255) DEFAULT NULL,
  `password` varchar(255) DEFAULT NULL,
  `phone` varchar(255) DEFAULT NULL,
  `refresh_token` varchar(255) DEFAULT NULL,
  `status` varchar(255) DEFAULT NULL,
  `type` varchar(255) DEFAULT NULL,
  `updated_at` datetime(6) DEFAULT NULL,
  `username` varchar(255) DEFAULT NULL,
  PRIMARY KEY (`id`)
) ENGINE=InnoDB AUTO_INCREMENT=43 DEFAULT CHARSET=utf8mb4 COLLATE=utf8mb4_0900_ai_ci;
/*!40101 SET character_set_client = @saved_cs_client */;

--
-- Dumping data for table `users`
--

LOCK TABLES `users` WRITE;
/*!40000 ALTER TABLE `users` DISABLE KEYS */;
INSERT INTO `users` VALUES (1,NULL,NULL,NULL,NULL,NULL,'nhom4totnghiep@gmail.com',NULL,'admin','$2a$10$A.5fGtMjzMA4dTt31z8Gme5ivKuJx8KUo50wvJz5Xf2HXXkXCTbKG',NULL,NULL,'ACTIVE','ADMIN',NULL,'admin'),(2,NULL,NULL,NULL,NULL,NULL,'thuynguyen1582007@gmail.com',NULL,'nguyen','$2a$10$MNcxN6vXUZo6x7rf6SuHq.VixmPN8ufVlg4unIW8C/m4P5KNiF1cq',NULL,NULL,'ACTIVE','RESTAURANT',NULL,'nguyen'),(3,NULL,NULL,NULL,NULL,NULL,'votrung10a3nh1@gmail.com',NULL,'trung','$2a$10$OQDFzHcjw9.af0UMD8ScIuLfkUS/1TWyedR6HNsZA5yIN0Htgzk3K',NULL,NULL,'ACTIVE','RESTAURANT',NULL,'trung'),(4,'eyJhbGciOiJIUzI1NiJ9.eyJzdWIiOiJ0cnVuZ3ZvLjExMDYyMDA0QGdtYWlsLmNvbSIsImlhdCI6MTcyMjgzNjgzMCwiZXhwIjoxNzIyOTIzMjMwfQ.Lsjz67sfSsl8Q1NC8o_-t5Fc3SP3tlHRxipHER0FQ_c',NULL,NULL,NULL,NULL,'trungvo.11062004@gmail.com',NULL,'linh','$2a$10$5MSOJ/whbJ.LwcXmUzzU3uYmGFveEQaEIuReFJcCDDNG4Wv5OcvEy',NULL,'eyJhbGciOiJIUzI1NiJ9.eyJzdWIiOiJ0cnVuZ3ZvLjExMDYyMDA0QGdtYWlsLmNvbSIsImlhdCI6MTcyMjgzNjgzMCwiZXhwIjoxNzIzNDQxNjMwfQ.zZzUnckN2yX21iZ7v80ftN4ZMNUbgybjxXlq-FG8_bQ','ACTIVE','USER',NULL,'linh'),(5,NULL,NULL,NULL,NULL,NULL,'trungt12208a0@gmail.com',NULL,'tai','$2a$10$bA1B3hLkEJLVEITrmdMUSuWu4dwXu4pRbl2aanTrwWtQCG4H0oRzO',NULL,NULL,'ACTIVE','RESTAURANT',NULL,'tai'),(6,NULL,NULL,NULL,NULL,NULL,'vocam926@gmail.com',NULL,'Cẩm','$2a$10$y3MDzkbpaZiLjfLj5gKDJ.lbOtcOB.4aqZNyqsQq9kpBc8l8c6koa',NULL,NULL,'ACTIVE','RESTAURANT',NULL,'cam'),(7,NULL,NULL,NULL,NULL,NULL,'tieuvantay.qng2019@gmail.com',NULL,'tay','$2a$10$DOZH1YXNmIwyA7cRGdXyg.xLSr8BUar.Z1V3HPq4tNACi5bZlB0IS',NULL,NULL,'ACTIVE','RESTAURANT',NULL,'tay'),(8,NULL,NULL,NULL,NULL,NULL,'suong@gmail.com',NULL,'suong','$2a$10$529K3/XVE1zkv07SecZIsubTV.YhXTzSpdGEsWP8TVXyKlEXsz26W',NULL,NULL,'ACTIVE','RESTAURANT',NULL,'suong'),(9,'eyJhbGciOiJIUzI1NiJ9.eyJzdWIiOiJuYW1AZ21haWwuY29tIiwiaWF0IjoxNzIyODU4NDIyLCJleHAiOjE3MjI5NDQ4MjJ9.esWWNbEKx2KFlsDeL_DEaUYvzFOCVav-fcM73tzYwc0',NULL,NULL,NULL,NULL,'nam@gmail.com',NULL,'nam','$2a$10$SiS.A2ZJiOsfWoqFvyx0guHFf07EYZpUdHkGGaCxERX8fitjgnaha',NULL,'eyJhbGciOiJIUzI1NiJ9.eyJzdWIiOiJuYW1AZ21haWwuY29tIiwiaWF0IjoxNzIyODU4NDIyLCJleHAiOjE3MjM0NjMyMjJ9.cFfxHU8G7hkoIvEr8MPaQoRxnLDEXR1-uSDbPguBHio','ACTIVE','RESTAURANT',NULL,'nam'),(10,NULL,NULL,NULL,NULL,NULL,'trong@gmail.com',NULL,'trong','$2a$10$YbombraKWwFOkLUxTJX1Q.baayKw0yxfLd98JSF6PKYs965mKJSgS',NULL,NULL,'ACTIVE','RESTAURANT',NULL,'trong'),(11,NULL,NULL,NULL,NULL,NULL,'nhu@gmail.com',NULL,'Như','$2a$10$FuEHYHDH5b34pHQrM8qzneU/oscGKjsDLxwukSY4KHguGzV2Nn3zS',NULL,NULL,'ACTIVE','RESTAURANT',NULL,'nhu'),(12,NULL,NULL,NULL,NULL,NULL,'quyen@gmail.com',NULL,'Quyến','$2a$10$2epXD0VZI3FV7A4VZ73WEuW7wpT5cVK9SKNoXKYTykWPrT057mSGG',NULL,NULL,'ACTIVE','RESTAURANT',NULL,'quyen'),(13,NULL,NULL,NULL,NULL,NULL,'tay@gmail.com',NULL,'tây','$2a$10$zj62PtG53eAE2TMKW0izMu6Wzy8XGvpP.ONRHBBgGgbUR.ej/I4v.',NULL,NULL,'ACTIVE','RESTAURANT',NULL,'vantay'),(21,NULL,NULL,NULL,NULL,NULL,'chi@gmail.com',NULL,'chí','$2a$10$QJcFOh3TFOpMvyvpZV/3/Owi9S7JWmtNieruvIukf/HbWZU6U4Me6',NULL,NULL,'ACTIVE','RESTAURANT',NULL,'chi'),(22,NULL,NULL,NULL,NULL,NULL,'truong@gmail.com',NULL,'trường','$2a$10$1sCky03UAV662J5DCuIGE.oJTXRzD4hZjuYnr3eF7g4vGYL0Z94xC',NULL,NULL,'ACTIVE','RESTAURANT',NULL,'truong'),(23,NULL,NULL,NULL,NULL,NULL,'phat@gmail.com',NULL,'Ngọc Phát','$2a$10$oyGALua/cUgO8GDXM6ix4eAzUn527ZqFN1YC1IQKAlZH6uydT9lHa',NULL,NULL,'ACTIVE','RESTAURANT',NULL,'phat'),(24,NULL,NULL,NULL,NULL,NULL,'huyen@gmail.com',NULL,'Huyền','$2a$10$TzO98VxwLmqkxHpoLVGu7.pwN8UqJZWLJ3Z5xMOgSdRpb/FIO8t6q',NULL,NULL,'ACTIVE','RESTAURANT',NULL,'huyen'),(25,NULL,NULL,NULL,NULL,NULL,'tu@gmail.com',NULL,'Tú','$2a$10$SV2hARZ7zZm37Ded6Z8Kgusfxz9SENakWltN2MvJnfGZob6bhRJoG',NULL,NULL,'ACTIVE','RESTAURANT',NULL,'tu'),(26,NULL,NULL,NULL,NULL,NULL,'khanh@gmail.com',NULL,'Khánh','$2a$10$jL8vdHJzmPPljV1HkhffAOksjofvW3rbNXRfVR2SKi9pQzveecLRC',NULL,NULL,'ACTIVE','RESTAURANT',NULL,'khanh'),(27,'eyJhbGciOiJIUzI1NiJ9.eyJzdWIiOiJseUBnbWFpbC5jb20iLCJpYXQiOjE3MjI4NDk4MDMsImV4cCI6MTcyMjkzNjIwM30.iRKHfgqNmwSbZlL5Dr6PdJjtkxhzl-SVRNUGmAnw11A',NULL,NULL,NULL,NULL,'ly@gmail.com',NULL,'Trúc Ly','$2a$10$GuBQVqLXDDxerdSDPgrLfO/OHAFIQwk7wO/HUu6AoNmMI55LpAgD.',NULL,'eyJhbGciOiJIUzI1NiJ9.eyJzdWIiOiJseUBnbWFpbC5jb20iLCJpYXQiOjE3MjI4NDk4MDMsImV4cCI6MTcyMzQ1NDYwM30.PT5tZjQxhSa0UrIZkNNOKUc-CHKq_NP3leJF2QDVQko','ACTIVE','RESTAURANT',NULL,'ly'),(28,NULL,NULL,'book13.jpg',NULL,NULL,'thanh@gmail.com','','Thanh','$2a$10$nkivmCOCtG0mQvf6ncqUN.BffHVrDrjCVxJPS0mcfb.rNxvoHAq6i','',NULL,'ACTIVE','RESTAURANT',NULL,'thanh'),(29,NULL,NULL,NULL,NULL,NULL,'giang@gmail.com',NULL,'Giang','$2a$10$CCIQh/4o.A4HY1ppAirTY.Ffg0nFndVAPljkig.li5UsZgwO0C0Xe',NULL,NULL,'ACTIVE','RESTAURANT',NULL,'giang'),(30,NULL,NULL,NULL,NULL,NULL,'hung@gmail.com',NULL,'hùng','$2a$10$cMo/6c/YPy7gfw7cauHQnOF.Vg0D.rVjMG71nHhvdviss9ITUBkeW',NULL,NULL,'ACTIVE','RESTAURANT',NULL,'hung'),(31,'eyJhbGciOiJIUzI1NiJ9.eyJzdWIiOiJzaW5oQGdtYWlsLmNvbSIsImlhdCI6MTcyMjc5NDAwMiwiZXhwIjoxNzIyODgwNDAyfQ.dDbLAX8kAk8W_NrGhD2lF6cKU3RlNYvV5GyvOMgWW10',NULL,'book14.jpg',NULL,NULL,'sinh@gmail.com','','sinh','$2a$10$NXPqirdYCzRWBaM9bKPPCOlWBlWJw7rlYHSSt3TDmUJ/UMXecyTHG','0987654321','eyJhbGciOiJIUzI1NiJ9.eyJzdWIiOiJzaW5oQGdtYWlsLmNvbSIsImlhdCI6MTcyMjc5NDAwMiwiZXhwIjoxNzIzMzk4ODAyfQ.g4VXzNBPaaHstoT79pw6mJKsL8UPLRmJftgIGAKlJ6Y','ACTIVE','RESTAURANT',NULL,'sinh'),(32,NULL,NULL,NULL,NULL,NULL,'vo@gmail.com',NULL,'khoa','$2a$10$KgYYe1x199y/sUb3o1KiDe2QAS8qzpFIJ2UYJEM9smK7qjW0Vk9qS','1234567890',NULL,'ACTIVE','RESTAURANT',NULL,'khoa'),(35,NULL,NULL,NULL,NULL,NULL,'aw@gmail.com',NULL,'aaaa','$2a$10$by9Y2/akqW8A0st56sInt.xhruPFC2DA/pgL9FtYrPKmenNetkB5m','123456789',NULL,'INACTIVE','RESTAURANT',NULL,'aaaa'),(36,NULL,NULL,NULL,NULL,NULL,'meapp@gmail.com',NULL,'Me','$2a$10$lfB6Wd244/NUzExDk4LP1O/2syQ8J8q.z7JHBbHFb9.KY3aB21am.','0999887665',NULL,'INACTIVE','USER',NULL,'meapp'),(37,NULL,NULL,NULL,NULL,NULL,'meapp123@gmail.com',NULL,'meapp','$2a$10$XMwuZ0R9mB8AzHtJ5thq.e02MYKwGJO9NnZHzLSlud7TC2vnekt0.','098766555',NULL,'INACTIVE','USER',NULL,'meappaa'),(38,NULL,NULL,NULL,NULL,NULL,'meappsss@gmail.com',NULL,'meeppp','$2a$10$zKOLpYBGZxdFYgIQ/wlFlOpm2exUQ7A/GCCf5foJHi4mRv4MkuWh6','0987645444',NULL,'INACTIVE','USER',NULL,'meapppa'),(39,NULL,NULL,NULL,NULL,NULL,'azhaoyq@gmail.com',NULL,'hao','$2a$10$jZvjqwDxLAodlm8u43ur6OVnLELvPsntwLgVKC.sE0G5NsS0Re5nS','123456789',NULL,'INACTIVE','RESTAURANT',NULL,'hao'),(40,NULL,NULL,NULL,NULL,NULL,'suon@gmail.com',NULL,'dasdnhbas','$2a$10$pGOeXzWBarAzO9d2QHL3Oe/bq1utJnuLA2EbjijM/YmVEPtW35m8y','123456789',NULL,'INACTIVE','RESTAURANT',NULL,'trungggg'),(41,NULL,NULL,NULL,NULL,NULL,'thuy@gmail.com',NULL,'thuy','$2a$10$B37NegW/cMWOiXSgLTsK4OLOSQtGYMPMWgj5ek95kE3CS9jua.5e2','123456789',NULL,'INACTIVE','RESTAURANT',NULL,'thuy');
/*!40000 ALTER TABLE `users` ENABLE KEYS */;
UNLOCK TABLES;

--
-- Table structure for table `users_restaurants`
--

DROP TABLE IF EXISTS `users_restaurants`;
/*!40101 SET @saved_cs_client     = @@character_set_client */;
/*!50503 SET character_set_client = utf8mb4 */;
CREATE TABLE `users_restaurants` (
  `id` int NOT NULL AUTO_INCREMENT,
  `restaurant_id` int DEFAULT NULL,
  `user_id` int DEFAULT NULL,
  PRIMARY KEY (`id`),
  KEY `FK8tnp9dtmc9x6yocm5klu6co2` (`restaurant_id`),
  KEY `FKrk8nwdkfimb7pe1re7sxxu328` (`user_id`),
  CONSTRAINT `FK8tnp9dtmc9x6yocm5klu6co2` FOREIGN KEY (`restaurant_id`) REFERENCES `restaurants` (`id`),
  CONSTRAINT `FKrk8nwdkfimb7pe1re7sxxu328` FOREIGN KEY (`user_id`) REFERENCES `users` (`id`)
) ENGINE=InnoDB AUTO_INCREMENT=14 DEFAULT CHARSET=utf8mb4 COLLATE=utf8mb4_0900_ai_ci;
/*!40101 SET character_set_client = @saved_cs_client */;

--
-- Dumping data for table `users_restaurants`
--

LOCK TABLES `users_restaurants` WRITE;
/*!40000 ALTER TABLE `users_restaurants` DISABLE KEYS */;
INSERT INTO `users_restaurants` VALUES (1,1,4),(2,2,4),(3,3,2),(5,1,31),(6,17,32),(7,18,9),(8,7,9),(9,20,4),(10,17,9),(11,18,3),(12,19,27),(13,19,9);
/*!40000 ALTER TABLE `users_restaurants` ENABLE KEYS */;
UNLOCK TABLES;

--
-- Table structure for table `users_services`
--

DROP TABLE IF EXISTS `users_services`;
/*!40101 SET @saved_cs_client     = @@character_set_client */;
/*!50503 SET character_set_client = utf8mb4 */;
CREATE TABLE `users_services` (
  `id` int NOT NULL AUTO_INCREMENT,
  `created_at` datetime(6) DEFAULT NULL,
  `deadline` datetime(6) DEFAULT NULL,
  `description` text,
  `email` varchar(255) DEFAULT NULL,
  `name` varchar(255) DEFAULT NULL,
  `phone` varchar(255) DEFAULT NULL,
  `price` float DEFAULT NULL,
  `service_type` int DEFAULT NULL,
  `status` varchar(255) DEFAULT 'PENDING',
  `updated_at` datetime(6) DEFAULT NULL,
  `user_id` int DEFAULT NULL,
  `email_sent` tinyint(1) DEFAULT '0',
  PRIMARY KEY (`id`),
  KEY `FKf3b4u9s758bgrnxgvbesm2l0o` (`user_id`),
  CONSTRAINT `FKf3b4u9s758bgrnxgvbesm2l0o` FOREIGN KEY (`user_id`) REFERENCES `users` (`id`)
) ENGINE=InnoDB AUTO_INCREMENT=38 DEFAULT CHARSET=utf8mb4 COLLATE=utf8mb4_0900_ai_ci;
/*!40101 SET character_set_client = @saved_cs_client */;

--
-- Dumping data for table `users_services`
--

LOCK TABLES `users_services` WRITE;
/*!40000 ALTER TABLE `users_services` DISABLE KEYS */;
INSERT INTO `users_services` VALUES (1,'2024-07-19 10:46:07.864000','2024-10-19 10:46:07.864000','alo','thuynguyen1582007@gmail.com','nguyen','0987654321',500,1,'Still valid','2024-07-19 10:47:55.271000',2,0),(3,'2024-07-19 11:50:25.864000','2025-07-19 11:50:25.864000','','trungt12208a0@gmail.com','tai','0987654321',1200,3,'Still valid','2024-08-05 19:03:39.349000',5,0),(4,'2024-07-19 11:57:51.430000','2024-03-19 11:57:51.430000','','vocam926@gmail.com','Cẩm','0987654321',1000,2,'Expired','2024-08-06 22:51:21.491000',6,0),(5,'2024-07-19 12:09:07.704000','2024-07-19 12:09:07.704000','help me','tieuvantay.qng2019@gmail.com','tay','0987654321',1200,3,'Expired','2024-07-21 21:29:28.461000',7,0),(6,'2024-07-19 12:20:16.723000','2024-07-19 12:20:16.723000','','suong@gmail.com','suong','0987654321',500,1,'Expired','2024-07-21 21:29:38.016000',8,0),(8,'2024-07-21 00:27:15.045000','2025-07-21 00:27:15.045000','','nam@gmail.com','nam','0987654321',1200,3,'Still valid','2024-07-21 00:27:34.812000',9,0),(9,'2024-07-21 00:38:26.454000','2025-03-21 00:38:26.454000','','trong@gmail.com','trong','0987654321`',1000,2,'Still valid','2024-07-21 00:40:02.024000',10,0),(11,'2024-07-21 01:15:44.528000','2024-10-21 01:15:44.528000','','nhu@gmail.com','Như','123456789',500,1,'Still valid','2024-07-21 01:15:56.749000',11,0),(12,'2024-07-21 01:31:04.678000','2025-03-21 01:31:04.678000','','quyen@gmail.com','Quyến','0987654321',1000,2,'Still valid','2024-07-21 01:31:18.052000',12,0),(13,'2024-07-21 02:10:51.596000','2024-10-21 02:10:51.596000','','tay@gmail.com','tây','0987654321',500,1,'Still valid','2024-07-21 02:11:08.064000',13,0),(14,'2024-07-21 20:22:58.852000','2024-07-21 20:22:58.852000','','chi@gmail.com','chí','0987654321',500,1,'Expired','2024-07-21 20:24:05.652000',21,0),(15,'2024-07-21 21:26:39.254000','2024-10-21 21:26:39.254000','alooo','truong@gmail.com','trường','0987654321',500,1,'Still valid','2024-07-21 21:28:20.672000',22,0),(16,'2024-07-21 21:40:18.006000','2024-10-21 21:40:18.006000','','phat@gmail.com','Ngọc Phát','0987654321',500,1,'Still valid','2024-07-21 21:40:53.611000',23,0),(17,'2024-07-21 21:58:49.508000','2024-10-21 21:58:49.508000','','huyen@gmail.com','Huyền','0987654321',500,1,'Still valid','2024-07-21 22:00:29.064000',24,0),(18,'2024-07-21 22:37:36.640000','2024-10-21 22:37:36.640000','','tu@gmail.com','Tú','0987654321',500,1,'Still valid','2024-07-21 22:38:05.159000',25,0),(19,'2024-07-21 22:47:49.899000','2025-03-21 22:47:49.899000','','khanh@gmail.com','Khánh','0987654321',1000,2,'Still valid','2024-07-21 22:48:05.978000',26,0),(21,'2024-07-21 23:26:52.901000','2024-10-21 23:26:52.901000','','thanh@gmail.com','Thanh','0837654321',500,1,'Still valid','2024-07-21 23:27:47.742000',28,0),(22,'2024-07-21 23:45:51.604000','2025-03-21 23:45:51.604000','','giang@gmail.com','Giang','0987654321',1000,2,'Still valid','2024-07-21 23:47:44.700000',29,0),(23,'2024-07-22 10:21:47.286000',NULL,'','hung@gmail.com','hùng','0987654321',1200,3,'PENDING','2024-07-22 10:21:47.286000',30,0),(24,'2024-07-29 14:11:21.414000','2024-10-29 14:11:21.414000','bfg','sinh@gmail.com','sinh','123456789',500,1,'Still valid','2024-07-29 14:11:57.872000',31,0),(25,'2024-08-01 14:43:23.094000','2024-11-01 14:43:21.873727',NULL,'vo@gmail.com','khoa','1234567890',500,1,'Still valid','2024-08-01 14:43:23.094000',32,0);
/*!40000 ALTER TABLE `users_services` ENABLE KEYS */;
UNLOCK TABLES;
/*!40103 SET TIME_ZONE=@OLD_TIME_ZONE */;

/*!40101 SET SQL_MODE=@OLD_SQL_MODE */;
/*!40014 SET FOREIGN_KEY_CHECKS=@OLD_FOREIGN_KEY_CHECKS */;
/*!40014 SET UNIQUE_CHECKS=@OLD_UNIQUE_CHECKS */;
/*!40101 SET CHARACTER_SET_CLIENT=@OLD_CHARACTER_SET_CLIENT */;
/*!40101 SET CHARACTER_SET_RESULTS=@OLD_CHARACTER_SET_RESULTS */;
/*!40101 SET COLLATION_CONNECTION=@OLD_COLLATION_CONNECTION */;
/*!40111 SET SQL_NOTES=@OLD_SQL_NOTES */;

-- Dump completed on 2024-08-07 15:11:29
